active,common_name,action_type,CANONICAL_SMILES,INCHIKEY,dataset,SMILES,FDA_recommended,appears_in_N_datasets,dataset_ChEMBL_curated,dataset_FDA,dataset_drugbank,dataset_flockheart,inclusion_score
True,phenacetin,substrate,CCOc1ccc(NC(C)=O)cc1,CPJSUEIXXCENMM-UHFFFAOYSA-N,drugbank,,,4,True,True,True,True,4
True,caffeine,substrate,Cn1c(=O)c2c(ncn2C)n(C)c1=O,RYYVLZVUVIJVGH-UHFFFAOYSA-N,FDA,Cn1c(=O)c2c(ncn2C)n(C)c1=O,True,4,True,True,True,True,4
True,True,substrate,Cn1c(=O)c2c(ncn2C)n(C)c1=O,RYYVLZVUVIJVGH-UHFFFAOYSA-N,drugbank,,,4,True,True,True,True,4
True,phenacetin,substrate,CCOc1ccc(NC(C)=O)cc1,CPJSUEIXXCENMM-UHFFFAOYSA-N,FDA,CCOc1ccc(NC(C)=O)cc1,True,4,True,True,True,True,4
True,PHENACETIN,substrate,CCOc1ccc(NC(C)=O)cc1,CPJSUEIXXCENMM-UHFFFAOYSA-N,flockheart,,,4,True,True,True,True,4
True,TIZANIDINE,substrate,Clc1ccc2nsnc2c1NC1=NCCN1,XFYDIVBRZNQMJC-UHFFFAOYSA-N,ChEMBL_curated,,,4,True,True,True,True,4
True,caffeine,substrate,Cn1c(=O)c2c(ncn2C)n(C)c1=O,RYYVLZVUVIJVGH-UHFFFAOYSA-N,drugbank,,,4,True,True,True,True,4
True,PHENACETIN,substrate,CCOc1ccc(NC(C)=O)cc1,CPJSUEIXXCENMM-UHFFFAOYSA-N,ChEMBL_curated,,,4,True,True,True,True,4
True,CAFFEINE,substrate,Cn1c(=O)c2c(ncn2C)n(C)c1=O,RYYVLZVUVIJVGH-UHFFFAOYSA-N,flockheart,,,4,True,True,True,True,4
True,CAFFEINE,substrate,Cn1c(=O)c2c(ncn2C)n(C)c1=O,RYYVLZVUVIJVGH-UHFFFAOYSA-N,ChEMBL_curated,,,4,True,True,True,True,4
True,TIZANIDINE,substrate,Clc1ccc2nsnc2c1NC1=NCCN1,XFYDIVBRZNQMJC-UHFFFAOYSA-N,flockheart,,,4,True,True,True,True,4
True,tizanidine,substrate,Clc1ccc2nsnc2c1NC1=NCCN1,XFYDIVBRZNQMJC-UHFFFAOYSA-N,FDA,Clc1ccc2nsnc2c1NC1=NCCN1,True,4,True,True,True,True,4
True,tizanidine,substrate,Clc1ccc2nsnc2c1NC1=NCCN1,XFYDIVBRZNQMJC-UHFFFAOYSA-N,drugbank,,,4,True,True,True,True,4
True,theophylline,substrate,Cn1c(=O)c2[nH]cnc2n(C)c1=O,ZFXYFBGIUFBOJW-UHFFFAOYSA-N,drugbank,,,3,True,False,True,True,3
True,alosetron,substrate,Cc1[nH]cnc1CN1CCc2c(c3ccccc3n2C)C1=O,JSWZEAMFRNKZNL-UHFFFAOYSA-N,drugbank,,,3,True,False,True,True,3
True,Tacrine,substrate,Nc1c2c(nc3ccccc13)CCCC2,YLJREFDVOIBQDA-UHFFFAOYSA-N,drugbank,,,3,True,False,True,True,3
True,aminophylline,substrate,Cn1c(=O)c2[nH]cnc2n(C)c1=O,ZFXYFBGIUFBOJW-UHFFFAOYSA-N,drugbank,,,3,True,False,True,True,3
True,AMBUPHYLLINE,substrate,Cn1c(=O)c2[nH]cnc2n(C)c1=O,ZFXYFBGIUFBOJW-UHFFFAOYSA-N,drugbank,,,3,True,False,True,True,3
True,Theophylline,substrate,Cn1c(=O)c2[nH]cnc2n(C)c1=O,ZFXYFBGIUFBOJW-UHFFFAOYSA-N,drugbank,,,3,True,False,True,True,3
True,Aminophylline,substrate,Cn1c(=O)c2[nH]cnc2n(C)c1=O,ZFXYFBGIUFBOJW-UHFFFAOYSA-N,drugbank,,,3,True,False,True,True,3
True,THEOPHYLLINE,substrate,Cn1c(=O)c2[nH]cnc2n(C)c1=O,ZFXYFBGIUFBOJW-UHFFFAOYSA-N,flockheart,,,3,True,False,True,True,3
True,THEOPHYLLINE,substrate,Cn1c(=O)c2[nH]cnc2n(C)c1=O,ZFXYFBGIUFBOJW-UHFFFAOYSA-N,ChEMBL_curated,,,3,True,False,True,True,3
True,Duloxetine,substrate,CNCC[C@H](Oc1cccc2ccccc12)c1cccs1,ZEUITGRIYCTCEM-KRWDZBQOSA-N,drugbank,,,3,True,False,True,True,3
True,TACRINE,substrate,Nc1c2c(nc3ccccc13)CCCC2,YLJREFDVOIBQDA-UHFFFAOYSA-N,flockheart,,,3,True,False,True,True,3
True,DULOXETINE,substrate,CNCC[C@H](Oc1cccc2ccccc12)c1cccs1,ZEUITGRIYCTCEM-KRWDZBQOSA-N,ChEMBL_curated,,,3,True,False,True,True,3
True,DULOXETINE,substrate,CNCC[C@H](Oc1cccc2ccccc12)c1cccs1,ZEUITGRIYCTCEM-KRWDZBQOSA-N,flockheart,,,3,True,False,True,True,3
True,duloxetine,substrate,CNCC[C@H](Oc1cccc2ccccc12)c1cccs1,ZEUITGRIYCTCEM-KRWDZBQOSA-N,drugbank,,,3,True,False,True,True,3
True,TACRINE,substrate,Nc1c2c(nc3ccccc13)CCCC2,YLJREFDVOIBQDA-UHFFFAOYSA-N,ChEMBL_curated,,,3,True,False,True,True,3
True,ALOSETRON,substrate,Cc1[nH]cnc1CN1CCc2c(c3ccccc3n2C)C1=O,JSWZEAMFRNKZNL-UHFFFAOYSA-N,ChEMBL_curated,,,3,True,False,True,True,3
True,ALOSETRON,substrate,Cc1[nH]cnc1CN1CCc2c(c3ccccc3n2C)C1=O,JSWZEAMFRNKZNL-UHFFFAOYSA-N,flockheart,,,3,True,False,True,True,3
True,Tacrine,substrate,Nc1c2c(nc3ccccc13)CCCC2,YLJREFDVOIBQDA-UHFFFAOYSA-N,drugbank,,,3,True,False,True,True,3
True,fluvoxamine,substrate,COCCCC/C(=N\OCCN)c1ccc(C(F)(F)F)cc1,CJOFXWAVKWHTFT-XSFVSMFZSA-N,drugbank,,,2,False,False,True,True,2
True,CLOZAPINE,substrate,CN1CCN(C2=Nc3cc(Cl)ccc3Nc3ccccc32)CC1,QZUDBNBUXVUHMW-UHFFFAOYSA-N,flockheart,,,2,False,False,True,True,2
True,Cyclobenzaprine,substrate,CN(C)CCC=C1c2ccccc2C=Cc2ccccc21,JURKNVYFZMSNLP-UHFFFAOYSA-N,drugbank,,,2,False,False,True,True,2
True,cyclobenzaprine,substrate,CN(C)CCC=C1c2ccccc2C=Cc2ccccc21,JURKNVYFZMSNLP-UHFFFAOYSA-N,drugbank,,,2,False,False,True,True,2
True,CYCLOBENZAPRINE,substrate,CN(C)CCC=C1c2ccccc2C=Cc2ccccc21,JURKNVYFZMSNLP-UHFFFAOYSA-N,flockheart,,,2,False,False,True,True,2
True,estradiol,substrate,C[C@]12CC[C@@H]3c4ccc(O)cc4CC[C@H]3[C@@H]1CC[C@@H]2O,VOXZDWNPVJITMN-ZBRFXRBCSA-N,drugbank,,,2,False,False,True,True,2
True,PIRFENIDONE,substrate,Cc1ccc(=O)n(-c2ccccc2)c1,ISWRGOKTTBVCFA-UHFFFAOYSA-N,flockheart,,,2,False,False,True,True,2
True,PIRFENIDONE,substrate,Cc1ccc(=O)n(-c2ccccc2)c1,ISWRGOKTTBVCFA-UHFFFAOYSA-N,drugbank,,,2,False,False,True,True,2
True,Estradiol,substrate,C[C@]12CC[C@@H]3c4ccc(O)cc4CC[C@H]3[C@@H]1CC[C@@H]2O,VOXZDWNPVJITMN-ZBRFXRBCSA-N,drugbank,,,2,False,False,True,True,2
True,Clomipramine,substrate,CN(C)CCCN1c2ccccc2CCc2ccc(Cl)cc21,GDLIGKIOYRNHDA-UHFFFAOYSA-N,drugbank,,,2,False,False,True,True,2
True,PROPRANOLOL,substrate,CC(C)NCC(O)COc1cccc2ccccc12,AQHHHDLHHXJYJD-UHFFFAOYSA-N,flockheart,,,2,False,False,True,True,2
True,ESTRADIOL,substrate,C[C@]12CC[C@@H]3c4ccc(O)cc4CC[C@H]3[C@@H]1CC[C@@H]2O,VOXZDWNPVJITMN-ZBRFXRBCSA-N,flockheart,,,2,False,False,True,True,2
True,clozapine,substrate,CN1CCN(C2=Nc3cc(Cl)ccc3Nc3ccccc32)CC1,QZUDBNBUXVUHMW-UHFFFAOYSA-N,drugbank,,,2,False,False,True,True,2
True,NAPROXEN,substrate,COc1ccc2cc(C(C)C(=O)O)ccc2c1,CMWTZPSULFXXJA-UHFFFAOYSA-N,flockheart,,,2,False,False,True,True,2
True,FLUVOXAMINE,substrate,COCCCC/C(=N\OCCN)c1ccc(C(F)(F)F)cc1,CJOFXWAVKWHTFT-XSFVSMFZSA-N,flockheart,,,2,False,False,True,True,2
True,propranolol,substrate,CC(C)NCC(O)COc1cccc2ccccc12,AQHHHDLHHXJYJD-UHFFFAOYSA-N,drugbank,,,2,False,False,True,True,2
True,Propanolol,substrate,CC(C)NCC(O)COc1cccc2ccccc12,AQHHHDLHHXJYJD-UHFFFAOYSA-N,drugbank,,,2,False,False,True,True,2
True,NAPROXEN,substrate,COc1ccc2cc(C(C)C(=O)O)ccc2c1,CMWTZPSULFXXJA-UHFFFAOYSA-N,drugbank,,,2,False,False,True,True,2
True,MEXILETINE,substrate,Cc1cccc(C)c1OCC(C)N,VLPIATFUUWWMKC-UHFFFAOYSA-N,flockheart,,,2,False,False,True,True,2
True,ethoxyresorufin,substrate,CCOc1ccc2nc3ccc(=O)cc-3oc2c1,CRCWUBLTFGOMDD-UHFFFAOYSA-N,FDA,CCOc1ccc2nc3ccc(=O)cc-3oc2c1,True,2,True,True,False,False,2
True,olanzapine,substrate,Cc1cc2c(s1)Nc1ccccc1N=C2N1CCN(C)CC1,KVWDHTXUZHCGIO-UHFFFAOYSA-N,drugbank,,,2,False,False,True,True,2
True,clomipramine,substrate,CN(C)CCCN1c2ccccc2CCc2ccc(Cl)cc21,GDLIGKIOYRNHDA-UHFFFAOYSA-N,drugbank,,,2,False,False,True,True,2
True,Mexiletine,substrate,Cc1cccc(C)c1OCC(C)N,VLPIATFUUWWMKC-UHFFFAOYSA-N,drugbank,,,2,False,False,True,True,2
True,Mexiletine,substrate,Cc1cccc(C)c1OCC(C)N,VLPIATFUUWWMKC-UHFFFAOYSA-N,drugbank,,,2,False,False,True,True,2
True,CLOMIPRAMINE,substrate,CN(C)CCCN1c2ccccc2CCc2ccc(Cl)cc21,GDLIGKIOYRNHDA-UHFFFAOYSA-N,flockheart,,,2,False,False,True,True,2
True,Clozapine,substrate,CN1CCN(C2=Nc3cc(Cl)ccc3Nc3ccccc32)CC1,QZUDBNBUXVUHMW-UHFFFAOYSA-N,drugbank,,,2,False,False,True,True,2
True,TASIMELTEON,substrate,CCC(=O)NC[C@@H]1C[C@H]1c1cccc2c1CCO2,PTOIAAWZLUQTIO-GXFFZTMASA-N,flockheart,,,2,False,False,True,True,2
True,Tasimelteon,substrate,CCC(=O)NC[C@@H]1C[C@H]1c1cccc2c1CCO2,PTOIAAWZLUQTIO-GXFFZTMASA-N,drugbank,,,2,False,False,True,True,2
True,Fluvoxamine,substrate,COCCCC/C(=N\OCCN)c1ccc(C(F)(F)F)cc1,CJOFXWAVKWHTFT-XSFVSMFZSA-N,drugbank,,,2,False,False,True,True,2
True,OLANZAPINE,substrate,Cc1cc2c(s1)Nc1ccccc1N=C2N1CCN(C)CC1,KVWDHTXUZHCGIO-UHFFFAOYSA-N,flockheart,,,2,False,False,True,True,2
True,POMALIDOMIDE,substrate,Nc1cccc2c1C(=O)N(C1CCC(=O)NC1=O)C2=O,UVSMNLNDYGZFPF-UHFFFAOYSA-N,flockheart,,,2,False,False,True,True,2
True,Riluzole,substrate,Nc1nc2ccc(OC(F)(F)F)cc2s1,FTALBRSUTCGOEG-UHFFFAOYSA-N,drugbank,,,2,False,False,True,True,2
True,lidocaine,substrate,CCN(CC)CC(=O)Nc1c(C)cccc1C,NNJVILVZKWQKPM-UHFFFAOYSA-N,drugbank,,,2,False,False,True,True,2
True,ROPIVACAINE,substrate,CCCN1CCCCC1C(=O)Nc1c(C)cccc1C,ZKMNUMMKYBVTFN-UHFFFAOYSA-N,flockheart,,,2,False,False,True,True,2
True,ZOLMITRIPTAN,substrate,CN(C)CCc1c[nH]c2ccc(C[C@H]3COC(=O)N3)cc12,ULSDMUVEXKOYBU-ZDUSSCGKSA-N,flockheart,,,2,False,False,True,True,2
True,LIDOCAINE,substrate,CCN(CC)CC(=O)Nc1c(C)cccc1C,NNJVILVZKWQKPM-UHFFFAOYSA-N,flockheart,,,2,False,False,True,True,2
True,ZILEUTON,substrate,CC(c1cc2ccccc2s1)N(O)C(N)=O,MWLSOWXNZPKENC-UHFFFAOYSA-N,flockheart,,,2,False,False,True,True,2
True,ZILEUTON,substrate,CC(c1cc2ccccc2s1)N(O)C(N)=O,MWLSOWXNZPKENC-UHFFFAOYSA-N,drugbank,,,2,False,False,True,True,2
True,triamterene,substrate,Nc1nc(N)c2nc(-c3ccccc3)c(N)nc2n1,FNYLWPVRPXGIIP-UHFFFAOYSA-N,drugbank,,,2,False,False,True,True,2
True,TRIAMTERENE,substrate,Nc1nc(N)c2nc(-c3ccccc3)c(N)nc2n1,FNYLWPVRPXGIIP-UHFFFAOYSA-N,flockheart,,,2,False,False,True,True,2
True,ETHOXYRESORUFIN,substrate,CCOc1ccc2nc3ccc(=O)cc-3oc2c1,CRCWUBLTFGOMDD-UHFFFAOYSA-N,ChEMBL_curated,,,2,True,True,False,False,2
True,MELATONIN,substrate,COc1ccc2[nH]cc(CCNC(C)=O)c2c1,DRLFMBDRBRZALE-UHFFFAOYSA-N,flockheart,,,2,False,False,True,True,2
True,Melatonin,substrate,COc1ccc2[nH]cc(CCNC(C)=O)c2c1,DRLFMBDRBRZALE-UHFFFAOYSA-N,drugbank,,,2,False,False,True,True,2
True,Pomalidomide,substrate,Nc1cccc2c1C(=O)N(C1CCC(=O)NC1=O)C2=O,UVSMNLNDYGZFPF-UHFFFAOYSA-N,drugbank,,,2,False,False,True,True,2
True,Ropivacaine,substrate,CCCN1CCCCC1C(=O)Nc1c(C)cccc1C,ZKMNUMMKYBVTFN-UHFFFAOYSA-N,drugbank,,,2,False,False,True,True,2
True,riluzole,substrate,Nc1nc2ccc(OC(F)(F)F)cc2s1,FTALBRSUTCGOEG-UHFFFAOYSA-N,drugbank,,,2,False,False,True,True,2
True,WARFARIN,substrate,CC(=O)CC(c1ccccc1)c1c(O)c2ccccc2oc1=O,PJVWKTKQMONHTI-UHFFFAOYSA-N,flockheart,,,2,False,False,True,True,2
True,zolmitriptan,substrate,CN(C)CCc1c[nH]c2ccc(C[C@H]3COC(=O)N3)cc12,ULSDMUVEXKOYBU-ZDUSSCGKSA-N,drugbank,,,2,False,False,True,True,2
True,Roflumilast,substrate,O=C(Nc1c(Cl)cncc1Cl)c1ccc(OC(F)F)c(OCC2CC2)c1,MNDBXUUTURYVHR-UHFFFAOYSA-N,drugbank,,,2,False,False,True,True,2
True,RILUZOLE,substrate,Nc1nc2ccc(OC(F)(F)F)cc2s1,FTALBRSUTCGOEG-UHFFFAOYSA-N,flockheart,,,2,False,False,True,True,2
True,IMIPRAMINE,substrate,CN(C)CCCN1c2ccccc2CCc2ccccc21,BCGWQEUPMDMJNV-UHFFFAOYSA-N,flockheart,,,2,False,False,True,True,2
True,warfarin,substrate,CC(=O)CC(c1ccccc1)c1c(O)c2ccccc2oc1=O,PJVWKTKQMONHTI-UHFFFAOYSA-N,drugbank,,,2,False,False,True,True,2
True,imipramine,substrate,CN(C)CCCN1c2ccccc2CCc2ccccc21,BCGWQEUPMDMJNV-UHFFFAOYSA-N,drugbank,,,2,False,False,True,True,2
True,HALOPERIDOL,substrate,O=C(CCCN1CCC(O)(c2ccc(Cl)cc2)CC1)c1ccc(F)cc1,LNEPOXFFQSENCJ-UHFFFAOYSA-N,flockheart,,,2,False,False,True,True,2
True,haloperidol,substrate,O=C(CCCN1CCC(O)(c2ccc(Cl)cc2)CC1)c1ccc(F)cc1,LNEPOXFFQSENCJ-UHFFFAOYSA-N,drugbank,,,2,False,False,True,True,2
True,nabumetone,substrate,COc1ccc2cc(CCC(C)=O)ccc2c1,BLXXJMDCKKHMKV-UHFFFAOYSA-N,drugbank,,,2,False,False,True,True,2
True,NABUMETONE,substrate,COc1ccc2cc(CCC(C)=O)ccc2c1,BLXXJMDCKKHMKV-UHFFFAOYSA-N,flockheart,,,2,False,False,True,True,2
True,ROFLUMILAST,substrate,O=C(Nc1c(Cl)cncc1Cl)c1ccc(OC(F)F)c(OCC2CC2)c1,MNDBXUUTURYVHR-UHFFFAOYSA-N,flockheart,,,2,False,False,True,True,2
True,Estrone,substrate,C[C@]12CC[C@@H]3c4ccc(O)cc4CC[C@H]3[C@@H]1CCC2=O,DNXHEGUUPJUMQT-CBZIJGRNSA-N,drugbank,,,1,False,False,True,False,1
True,estrone,substrate,C[C@]12CC[C@@H]3c4ccc(O)cc4CC[C@H]3[C@@H]1CCC2=O,DNXHEGUUPJUMQT-CBZIJGRNSA-N,drugbank,,,1,False,False,True,False,1
True,pimozide,substrate,O=c1[nH]c2ccccc2n1C1CCN(CCCC(c2ccc(F)cc2)c2ccc(F)cc2)CC1,YVUQSNJEYSNKRX-UHFFFAOYSA-N,drugbank,,,1,False,False,True,False,1
True,Estropipate,substrate,C[C@]12CC[C@@H]3c4ccc(OS(=O)(=O)O)cc4CC[C@H]3[C@@H]1CCC2=O,JKKFKPJIXZFSSB-CBZIJGRNSA-N,drugbank,,,1,False,False,True,False,1
True,Estrone sulfate,substrate,C[C@]12CC[C@@H]3c4ccc(OS(=O)(=O)O)cc4CC[C@H]3[C@@H]1CCC2=O,JKKFKPJIXZFSSB-CBZIJGRNSA-N,drugbank,,,1,False,False,True,False,1
True,Flutamide,substrate,CC(C)C(=O)Nc1ccc([N+](=O)[O-])c(C(F)(F)F)c1,MKXKFYHWDHIYRV-UHFFFAOYSA-N,drugbank,,,1,False,False,True,False,1
True,flutamide,substrate,CC(C)C(=O)Nc1ccc([N+](=O)[O-])c(C(F)(F)F)c1,MKXKFYHWDHIYRV-UHFFFAOYSA-N,drugbank,,,1,False,False,True,False,1
True,Guanabenz,substrate,N=C(N)N/N=C/c1c(Cl)cccc1Cl,WDZVGELJXXEGPV-YIXHJXPBSA-N,drugbank,,,1,False,False,True,False,1
True,Mirtazapine,substrate,CN1CCN2c3ncccc3Cc3ccccc3C2C1,RONZAEMNMFQXRA-UHFFFAOYSA-N,drugbank,,,1,False,False,True,False,1
True,mirtazapine,substrate,CN1CCN2c3ncccc3Cc3ccccc3C2C1,RONZAEMNMFQXRA-UHFFFAOYSA-N,drugbank,,,1,False,False,True,False,1
True,Pimozide,substrate,O=c1[nH]c2ccccc2n1C1CCN(CCCC(c2ccc(F)cc2)c2ccc(F)cc2)CC1,YVUQSNJEYSNKRX-UHFFFAOYSA-N,drugbank,,,1,False,False,True,False,1
True,Trifluoroperazine,substrate,CN1CCN(CCCN2c3ccccc3Sc3ccc(C(F)(F)F)cc32)CC1,ZEWQUBUPAILYHI-UHFFFAOYSA-N,drugbank,,,1,False,False,True,False,1
True,Ropinirole,substrate,CCCN(CCC)CCc1cccc2[nH]c(O)cc12,FBYFJOVKHROJSY-UHFFFAOYSA-N,drugbank,,,1,False,False,True,False,1
True,ropinirole,substrate,CCCN(CCC)CCc1cccc2[nH]c(O)cc12,FBYFJOVKHROJSY-UHFFFAOYSA-N,drugbank,,,1,False,False,True,False,1
True,Thiothixene,substrate,CN1CCN(CC/C=C2/c3ccccc3Sc3ccc(S(=O)(=O)N(C)C)cc32)CC1,GFBKORZTTCHDGY-UWVJOHFNSA-N,drugbank,,,1,False,False,True,False,1
True,thiothixene,substrate,CN1CCN(CC/C=C2/c3ccccc3Sc3ccc(S(=O)(=O)N(C)C)cc32)CC1,GFBKORZTTCHDGY-UWVJOHFNSA-N,drugbank,,,1,False,False,True,False,1
True,trifluoperazine,substrate,CN1CCN(CCCN2c3ccccc3Sc3ccc(C(F)(F)F)cc32)CC1,ZEWQUBUPAILYHI-UHFFFAOYSA-N,drugbank,,,1,False,False,True,False,1
True,tegafur,substrate,O=c1[nH]c(=O)n(C2CCCO2)cc1F,WFWLQNSHRPWKFK-UHFFFAOYSA-N,drugbank,,,1,False,False,True,False,1
True,praziquantel,substrate,O=C(C1CCCCC1)N1CC(=O)N2CCc3ccccc3C2C1,FSVJFNAIGNNGKK-UHFFFAOYSA-N,drugbank,,,1,False,False,True,False,1
True,Etoricoxib,substrate,Cc1ccc(-c2ncc(Cl)cc2-c2ccc(S(C)(=O)=O)cc2)cn1,MNJVRJDLRVPLFE-UHFFFAOYSA-N,drugbank,,,1,False,False,True,False,1
True,Doxepin,substrate,CN(C)CCC=C1c2ccccc2COc2ccccc21,ODQWQRRAPPTVAG-UHFFFAOYSA-N,drugbank,,,1,False,False,True,False,1
True,ACENOCOUMAROL,substrate,CC(=O)CC(c1ccc([N+](=O)[O-])cc1)c1c(O)c2ccccc2oc1=O,VABCILAOYCMVPS-UHFFFAOYSA-N,drugbank,,,1,False,False,True,False,1
True,Estrogen,substrate,CC#C[C@]1(O)CC[C@H]2[C@@H]3CCc4cc(O)ccc4[C@H]3CC[C@@]21C,GJUHUIXJLZINMA-MJCUULBUSA-N,drugbank,,,1,False,False,True,False,1
True,xanthine,substrate,O=c1[nH]c(=O)c2[nH]cnc2[nH]1,LRFVTYWOQMYALW-UHFFFAOYSA-N,drugbank,,,1,False,False,True,False,1
True,dacarbazine,substrate,CN(C)N=Nc1[nH]cnc1C(N)=O,FDKXTQMXEQVLRF-UHFFFAOYSA-N,drugbank,,,1,False,False,True,False,1
True,Dacarbazine,substrate,CN(C)N=Nc1[nH]cnc1C(N)=O,FDKXTQMXEQVLRF-UHFFFAOYSA-N,drugbank,,,1,False,False,True,False,1
True,PRIMAQUINE,substrate,COc1cc(NC(C)CCCN)c2ncccc2c1,INDBQLZJXZLFIT-UHFFFAOYSA-N,drugbank,,,1,False,False,True,False,1
True,chlorzoxazone,substrate,O=c1[nH]c2cc(Cl)ccc2o1,TZFWDZFKRBELIQ-UHFFFAOYSA-N,drugbank,,,1,False,False,True,False,1
True,diclofenac,substrate,O=C(O)Cc1ccccc1Nc1c(Cl)cccc1Cl,DCOPUUMXTXDBNB-UHFFFAOYSA-N,drugbank,,,1,False,False,True,False,1
True,benzyl alcohol,substrate,OCc1ccccc1,WVDDGKGOMKODPV-UHFFFAOYSA-N,drugbank,,,1,False,False,True,False,1
True,o6-benzylguanine,substrate,Nc1nc(OCc2ccccc2)c2[nH]cnc2n1,KRWMERLEINMZFT-UHFFFAOYSA-N,drugbank,,,1,False,False,True,False,1
True,Perampanel,substrate,N#Cc1ccccc1-c1cc(-c2ccccn2)cn(-c2ccccc2)c1=O,PRMWGUBFXWROHD-UHFFFAOYSA-N,drugbank,,,1,False,False,True,False,1
True,DIHYDRALAZINE,substrate,NNc1nnc(NN)c2ccccc12,VQKLRVZQQYVIJW-UHFFFAOYSA-N,drugbank,,,1,False,False,True,False,1
True,carbamazepine,substrate,NC(=O)N1c2ccccc2C=Cc2ccccc21,FFGPTBGBLSHEPO-UHFFFAOYSA-N,drugbank,,,1,False,False,True,False,1
True,thiabendazole,substrate,c1ccc2[nH]c(-c3cscn3)nc2c1,WJCNZQLZVWNLKY-UHFFFAOYSA-N,drugbank,,,1,False,False,True,False,1
True,9-Deazaguanine,substrate,Nc1nc(=O)c2[nH]ccc2[nH]1,FFYPRJYSJODFFD-UHFFFAOYSA-N,drugbank,,,1,False,False,True,False,1
True,hypoxanthine,substrate,O=c1[nH]cnc2[nH]cnc12,FDGQSTZJBFJUBT-UHFFFAOYSA-N,drugbank,,,1,False,False,True,False,1
True,penciclovir,substrate,Nc1nc(=O)c2ncn(CCC(CO)CO)c2[nH]1,JNTOCHDNEULJHD-UHFFFAOYSA-N,drugbank,,,1,False,False,True,False,1
True,acyclovir,substrate,Nc1nc(=O)c2ncn(COCCO)c2[nH]1,MKUXAQIIEYXACX-UHFFFAOYSA-N,drugbank,,,1,False,False,True,False,1
True,bromazepam,substrate,O=C1CN=C(c2ccccn2)c2cc(Br)ccc2N1,VMIYHDSEFNYJSL-UHFFFAOYSA-N,drugbank,,,1,False,False,True,False,1
True,anagrelide,substrate,Oc1cn2c(n1)Nc1ccc(Cl)c(Cl)c1C2,CUCMIJQKFCWAPD-UHFFFAOYSA-N,drugbank,,,1,False,False,True,False,1
True,rasagiline,substrate,C#CCN[C@@H]1CCc2ccccc21,RUOKEQAAGRXIBM-GFCCVEGCSA-N,drugbank,,,1,False,False,True,False,1
True,Bortezomib,substrate,CC(C)C[C@H](NC(=O)C(Cc1ccccc1)NC(=O)c1cnccn1)B(O)O,GXJABQQUPOEUTA-LWKPJOBUSA-N,drugbank,,,1,False,False,True,False,1
True,efavirenz,substrate,O=C1Nc2ccc(Cl)cc2[C@@](C#CC2CC2)(C(F)(F)F)O1,XPOQHMRABVBWPR-ZDUSSCGKSA-N,drugbank,,,1,False,False,True,False,1
True,Ixazomib,substrate,CC(C)C[C@H](NC(=O)CNC(=O)c1cc(Cl)ccc1Cl)B(O)O,MXAYKZJJDUDWDS-LBPRGKRZSA-N,drugbank,,,1,False,False,True,False,1
True,Betaxolol,substrate,CC(C)NCC(O)COc1ccc(CCOCC2CC2)cc1,NWIUTZDMDHAVTP-UHFFFAOYSA-N,drugbank,,,1,False,False,True,False,1
True,betaxolol,substrate,CC(C)NCC(O)COc1ccc(CCOCC2CC2)cc1,NWIUTZDMDHAVTP-UHFFFAOYSA-N,drugbank,,,1,False,False,True,False,1
True,FENETHYLLINE,substrate,CC(Cc1ccccc1)NCCn1cnc2c1c(=O)n(C)c(=O)n2C,NMCHYWGKBADVMK-UHFFFAOYSA-N,drugbank,,,1,False,False,True,False,1
True,terbinafine,substrate,CN(C/C=C/C#CC(C)(C)C)Cc1cccc2ccccc12,DOMXUEMWDBAQBQ-WEVVVXLNSA-N,drugbank,,,1,False,False,True,False,1
True,proxyphylline,substrate,CC(O)Cn1cnc2c1c(=O)n(C)c(=O)n2C,KYHQZNGJUGFTGR-UHFFFAOYSA-N,drugbank,,,1,False,False,True,False,1
True,flecainide,substrate,O=C(NCC1CCCCN1)c1cc(OCC(F)(F)F)ccc1OCC(F)(F)F,DJBNUMBKLMJRSA-UHFFFAOYSA-N,drugbank,,,1,False,False,True,False,1
True,domperidone,substrate,O=c1[nH]c2ccccc2n1CCCN1CCC(n2c(=O)[nH]c3cc(Cl)ccc32)CC1,FGXWKSZFVQUSTL-UHFFFAOYSA-N,drugbank,,,1,False,False,True,False,1
True,flunarizine,substrate,Fc1ccc(C(c2ccc(F)cc2)N2CCN(C/C=C/c3ccccc3)CC2)cc1,SMANXXCATUTDDT-QPJJXVBHSA-N,drugbank,,,1,False,False,True,False,1
True,1-(diphenylmethyl)-4-(3-phenylprop-2-enyl)piperazine,substrate,C(=Cc1ccccc1)CN1CCN(C(c2ccccc2)c2ccccc2)CC1,DERZBLKQOCDDDZ-UHFFFAOYSA-N,drugbank,,,1,False,False,True,False,1
True,perphenazine,substrate,OCCN1CCN(CCCN2c3ccccc3Sc3ccc(Cl)cc32)CC1,RGCVKNLCSQQDEP-UHFFFAOYSA-N,drugbank,,,1,False,False,True,False,1
True,clonidine,substrate,Clc1cccc(Cl)c1NC1=NCCN1,GJSURZIOUXUGAL-UHFFFAOYSA-N,drugbank,,,1,False,False,True,False,1
True,paroxetine,substrate,Fc1ccc([C@@H]2CCNC[C@H]2COc2ccc3c(c2)OCO3)cc1,AHOUBRCZNHFOSL-YOEHRIQHSA-N,drugbank,,,1,False,False,True,False,1
True,Cyt387,substrate,N#CCNC(=O)c1ccc(-c2ccnc(Nc3ccc(N4CCOCC4)cc3)n2)cc1,ZVHNDZWQTBEVRY-UHFFFAOYSA-N,drugbank,,,1,False,False,True,False,1
True,Palonosetron,substrate,O=C1c2cccc3c2[C@H](CCC3)CN1[C@@H]1CN2CCC1CC2,CPZBLNMUGSZIPR-NVXWUHKLSA-N,drugbank,,,1,False,False,True,False,1
True,LOBUCAVIR,substrate,Nc1nc(=O)c2ncn([C@@H]3C[C@H](CO)[C@H]3CO)c2[nH]1,GWFOVSGRNGAGDL-FSDSQADBSA-N,drugbank,,,1,False,False,True,False,1
True,Entecavir,substrate,C=C1[C@H](CO)[C@@H](O)C[C@@H]1n1cnc2c(=O)[nH]c(N)nc21,QDGZDCVAUDNJFG-FXQIFTODSA-N,drugbank,,,1,False,False,True,False,1
True,pentoxifylline,substrate,CC(=O)CCCCn1c(=O)c2c(ncn2C)n(C)c1=O,BYPFEZZEUUWMEJ-UHFFFAOYSA-N,drugbank,,,1,False,False,True,False,1
True,(R)-Warfarin,substrate,CC(=O)C[C@H](c1ccccc1)c1c(O)c2ccccc2oc1=O,PJVWKTKQMONHTI-OAHLLOKOSA-N,drugbank,,,1,False,False,True,False,1
True,acetaminophen,substrate,CC(=O)Nc1ccc(O)cc1,RZVAJINKPMORJF-UHFFFAOYSA-N,drugbank,,,1,False,False,True,False,1
True,Agomelatine,substrate,COc1ccc2cccc(CCNC(C)=O)c2c1,YJYPHIXNFHFHND-UHFFFAOYSA-N,drugbank,,,1,False,False,True,False,1
True,Estradiol acetate,substrate,CC(=O)Oc1ccc2c(c1)CC[C@@H]1[C@@H]2CC[C@]2(C)[C@@H](O)CC[C@@H]12,FHXBMXJMKMWVRG-SLHNCBLASA-N,drugbank,,,1,False,False,True,False,1
True,Ulipristal,substrate,CC(=O)[C@@]1(O)CC[C@H]2C3=C(C4=C(CC3)CC(=O)CC4)C(c3ccc(N(C)C)cc3)C[C@@]21C,IGMLRLGLIXZKQZ-ILXHYJSTSA-N,drugbank,,,1,False,False,True,False,1
True,Pemetrexed,substrate,Nc1nc(=O)c2c(CCc3ccc(C(=O)NC(CCC(=O)O)C(=O)O)cc3)c[nH]c2[nH]1,WBXPDJSOTKVWSJ-UHFFFAOYSA-N,drugbank,,,1,False,False,True,False,1
True,STIRIPENTOL,substrate,CC(C)(C)C(O)/C=C/c1ccc2c(c1)OCO2,IBLNKMRFIPWSOY-FNORWQNLSA-N,drugbank,,,1,False,False,True,False,1
True,Enasidenib,substrate,CC(C)(O)CNc1nc(Nc2ccnc(C(F)(F)F)c2)nc(-c2cccc(C(F)(F)F)n2)n1,DYLUUSLLRIQKOE-UHFFFAOYSA-N,drugbank,,,1,False,False,True,False,1
True,Capsaicin,substrate,COc1cc(CNC(=O)CCCC/C=C/C(C)C)ccc1O,YKPUWZUDDOIDPM-SOFGYWHQSA-N,drugbank,,,1,False,False,True,False,1
True,VERAPAMIL,substrate,COc1ccc(CCN(C)CCCC(C#N)(c2ccc(OC)c(OC)c2)C(C)C)cc1OC,SGTNSNPWRIOYBX-UHFFFAOYSA-N,drugbank,,,1,False,False,True,False,1
True,Lonafarnib,substrate,NC(=O)N1CCC(CC(=O)N2CCC([C@H]3c4ncc(Br)cc4CCc4cc(Cl)cc(Br)c43)CC2)CC1,DHMTURDWPRKSOA-RUZDIDTESA-N,drugbank,,,1,False,False,True,False,1
True,Benvitimod,substrate,CC(C)c1c(O)cc(/C=C/c2ccccc2)cc1O,ZISJNXNHJRQYJO-CMDGGOBGSA-N,drugbank,,,1,False,False,True,False,1
True,tamoxifen,substrate,CC/C(=C(\c1ccccc1)c1ccc(OCCN(C)C)cc1)c1ccccc1,NKANXQFJJICGDU-QPLCGJKRSA-N,drugbank,,,1,False,False,True,False,1
True,cilostazol,substrate,O=C1CCc2cc(OCCCCc3nnnn3C3CCCCC3)ccc2N1,RRGUKTPIGVIEKM-UHFFFAOYSA-N,drugbank,,,1,False,False,True,False,1
True,tocainide,substrate,Cc1cccc(C)c1NC(=O)C(C)N,BUJAGSGYPOAWEI-UHFFFAOYSA-N,drugbank,,,1,False,False,True,False,1
True,Lopinavir,substrate,Cc1cccc(C)c1OCC(=O)N[C@@H](Cc1ccccc1)[C@@H](O)C[C@H](Cc1ccccc1)NC(=O)C(C(C)C)N1CCCNC1=O,KJHKTHWMRKYKJE-QZKHDZGUSA-N,drugbank,,,1,False,False,True,False,1
True,Dasatinib,substrate,Cc1nc(Nc2ncc(C(=O)Nc3c(C)cccc3Cl)s2)cc(N2CCN(CCO)CC2)n1,ZBNZXTGUTAYRHI-UHFFFAOYSA-N,drugbank,,,1,False,False,True,False,1
True,mefenamic acid,substrate,Cc1cccc(Nc2ccccc2C(=O)O)c1C,HYYBABOKPJLUIN-UHFFFAOYSA-N,drugbank,,,1,False,False,True,False,1
True,AMINOPYRINE,substrate,Cc1c(N(C)C)c(=O)n(-c2ccccc2)n1C,RMMXTBMQSGEXHJ-UHFFFAOYSA-N,drugbank,,,1,False,False,True,False,1
True,nifedipine,substrate,COC(=O)C1=C(C)N=C(C)C(C(=O)OC)C1c1ccccc1[N+](=O)[O-],OSUCQKNXQBPLDG-UHFFFAOYSA-N,drugbank,,,1,False,False,True,False,1
True,Vadimezan,substrate,Cc1ccc2c(=O)c3cccc(CC(=O)O)c3oc2c1C,XGOYIMQSIKSOBS-UHFFFAOYSA-N,drugbank,,,1,False,False,True,False,1
True,Eltrombopag,substrate,Cc1ccc(-n2[nH]c(C)c(N=Nc3cccc(-c4cccc(C(=O)O)c4)c3O)c2=O)cc1C,SVOQIEJWJCQGDQ-UHFFFAOYSA-N,drugbank,,,1,False,False,True,False,1
True,Imatinib,substrate,Cc1ccc(NC(=O)c2ccc(CN3CCN(C)CC3)cc2)cc1Nc1nccc(-c2cccnc2)n1,KTUFNOKKBVMGRW-UHFFFAOYSA-N,drugbank,,,1,False,False,True,False,1
True,Pazopanib,substrate,Cc1ccc(Nc2nccc(N(C)c3ccc4c(C)n(C)nc4c3)n2)cc1S(N)(=O)=O,CUIHSIWYWATEQL-UHFFFAOYSA-N,drugbank,,,1,False,False,True,False,1
True,leflunomide,substrate,Cc1oncc1C(=O)Nc1ccc(C(F)(F)F)cc1,VHOGYURTWQBHIL-UHFFFAOYSA-N,drugbank,,,1,False,False,True,False,1
True,Muraglitazar,substrate,COc1ccc(OC(=O)N(CC(=O)O)Cc2ccc(OCCc3nc(-c4ccccc4)oc3C)cc2)cc1,IRLWJILLXJGJTD-UHFFFAOYSA-N,drugbank,,,1,False,False,True,False,1
True,Febuxostat,substrate,Cc1nc(-c2ccc(OCC(C)C)c(C#N)c2)sc1C(=O)O,BQSJTQLCZDPROO-UHFFFAOYSA-N,drugbank,,,1,False,False,True,False,1
True,Lumiracoxib,substrate,Cc1ccc(Nc2c(F)cccc2Cl)c(CC(=O)O)c1,KHPKQFYUPIUARC-UHFFFAOYSA-N,drugbank,,,1,False,False,True,False,1
True,antipyrine,substrate,Cc1cc(=O)n(-c2ccccc2)n1C,VEQOALNAAJBPNY-UHFFFAOYSA-N,drugbank,,,1,False,False,True,False,1
True,tolperisone,substrate,Cc1ccc(C(=O)C(C)CN2CCCCC2)cc1,FSKFPVLPFLJRQB-UHFFFAOYSA-N,drugbank,,,1,False,False,True,False,1
True,BICIFADINE,substrate,Cc1ccc(C23CNCC2C3)cc1,OFYVIGTWSQPCLF-UHFFFAOYSA-N,drugbank,,,1,False,False,True,False,1
True,zolpidem,substrate,Cc1ccc(-c2nc3ccc(C)cn3c2CC(=O)N(C)C)cc1,ZAFYATHCZYHLPB-UHFFFAOYSA-N,drugbank,,,1,False,False,True,False,1
True,1762-34-1,substrate,Cc1ccc(-c2ccc(C)cn2)nc1,PTRATZCAGVBFIQ-UHFFFAOYSA-N,drugbank,,,1,False,False,True,False,1
True,Lofexidine,substrate,CC(Oc1c(Cl)cccc1Cl)C1=NCCN1,KSMAGQUYOIHWFS-UHFFFAOYSA-N,drugbank,,,1,False,False,True,False,1
True,disopyramide,substrate,CC(C)N(CCC(C(N)=O)(c1ccccc1)c1ccccn1)C(C)C,UVTNFZQICZKOEM-UHFFFAOYSA-N,drugbank,,,1,False,False,True,False,1
True,PELDESINE,substrate,Nc1nc(=O)c2[nH]cc(Cc3cccnc3)c2[nH]1,DOHVAKFYAHLCJP-UHFFFAOYSA-N,drugbank,,,1,False,False,True,False,1
True,estradiol benzoate,substrate,C[C@]12CC[C@@H]3c4ccc(OC(=O)c5ccccc5)cc4CC[C@H]3[C@@H]1CC[C@@H]2O,UYIFTLBWAOGQBI-BZDYCCQFSA-N,drugbank,,,1,False,False,True,False,1
True,genistein,substrate,O=c1c(-c2ccc(O)cc2)coc2cc(O)cc(O)c12,TZBJGXHYKVUXJN-UHFFFAOYSA-N,drugbank,,,1,False,False,True,False,1
True,MEPHENYTOIN,substrate,CCC1(c2ccccc2)NC(=O)N(C)C1=O,GMHKMTDVRCWUDX-UHFFFAOYSA-N,drugbank,,,1,False,False,True,False,1
True,Dexfenfluramine,substrate,CCN[C@@H](C)Cc1cccc(C(F)(F)F)c1,DBGIVFWFUFKIQN-VIFPVBQESA-N,drugbank,,,1,False,False,True,False,1
True,ethanol,substrate,CCO,LFQSCWFLJHTTHZ-UHFFFAOYSA-N,drugbank,,,1,False,False,True,False,1
True,Arbidol,substrate,CCOC(=O)c1c(CSc2ccccc2)n(C)c2cc(Br)c(O)c(CN(C)C)c12,KCFYEAOKVJSACF-UHFFFAOYSA-N,drugbank,,,1,False,False,True,False,1
True,malathion,substrate,CCOC(=O)CC(SP(=S)(OC)OC)C(=O)OCC,JXSJBGJIGXNWCI-UHFFFAOYSA-N,drugbank,,,1,False,False,True,False,1
True,loratadine,substrate,CCOC(=O)N1CCC(=C2c3ccc(Cl)cc3CCc3cccnc32)CC1,JCCNYMKQOSZNPW-UHFFFAOYSA-N,drugbank,,,1,False,False,True,False,1
True,ESTRADIOL DIENANTHATE,substrate,CCCCCCC(=O)Oc1ccc2c(c1)CC[C@@H]1[C@@H]2CC[C@]2(C)[C@@H](OC(=O)CCCCCC)CC[C@@H]12,OVAHZPTYWMWNKO-CAHAWPIUSA-N,drugbank,,,1,False,False,True,False,1
True,9-Methylguanine,substrate,Cn1cnc2c(=O)[nH]c(N)nc21,UUWJNBOCAPUTBK-UHFFFAOYSA-N,drugbank,,,1,False,False,True,False,1
True,amitriptyline,substrate,CN(C)CCC=C1c2ccccc2CCc2ccccc21,KRMDCWKBEZIMAB-UHFFFAOYSA-N,drugbank,,,1,False,False,True,False,1
True,Umbralisib,substrate,CC(C)Oc1ccc(-c2nn([C@@H](C)c3oc4ccc(F)cc4c(=O)c3-c3cccc(F)c3)c3ncnc(N)c23)cc1F,IUVCFHHAEHNCFT-INIZCTEOSA-N,drugbank,,,1,False,False,True,False,1
True,Frovatriptan,substrate,CN[C@@H]1CCc2[nH]c3ccc(C(N)=O)cc3c2C1,XPSQPHWEGNHMSK-SECBINFHSA-N,drugbank,,,1,False,False,True,False,1
True,clopidogrel,substrate,COC(=O)C(c1ccccc1Cl)N1CCc2sccc2C1,GKTWGGQPFAXNFI-UHFFFAOYSA-N,drugbank,,,1,False,False,True,False,1
True,methoxyflurane,substrate,COC(F)(F)C(Cl)Cl,RFKMCNOHBTXSMU-UHFFFAOYSA-N,drugbank,,,1,False,False,True,False,1
True,hesperetin,substrate,COc1ccc([C@@H]2CC(=O)c3c(O)cc(O)cc3O2)cc1O,AIONOLUJZLIMTK-AWEZNQCLSA-N,drugbank,,,1,False,False,True,False,1
True,Gts-21,substrate,COc1ccc(/C=C2\CCCN=C2c2cccnc2)c(OC)c1,RPYWXZCFYPVCNQ-RVDMUPIBSA-N,drugbank,,,1,False,False,True,False,1
True,trimethoprim,substrate,COc1cc(Cc2cnc(N)nc2N)cc(OC)c1OC,IEDVJHCEMCRBQM-UHFFFAOYSA-N,drugbank,,,1,False,False,True,False,1
True,Quinine,substrate,C=C[C@H]1CN2CC[C@H]1C[C@H]2[C@H](O)c1ccnc2ccc(OC)cc12,LOUPRKONTZGTKE-WZBLMQSHSA-N,drugbank,,,1,False,False,True,False,1
True,Apixaban,substrate,COc1ccc(-n2nc(C(N)=O)c3c2C(=O)N(c2ccc(N4CCCCC4=O)cc2)CC3)cc1,QNZCBYKSOIHPEH-UHFFFAOYSA-N,drugbank,,,1,False,False,True,False,1
True,carvedilol,substrate,COc1ccccc1OCCNCC(O)COc1cccc2[nH]c3ccccc3c12,OGHNVEJMJSYVRP-UHFFFAOYSA-N,drugbank,,,1,False,False,True,False,1
True,Erlotinib,substrate,C#Cc1cccc(Nc2ncnc3cc(OCCOC)c(OCCOC)cc23)c1,AAKJLRGGTJKAMG-UHFFFAOYSA-N,drugbank,,,1,False,False,True,False,1
True,rofecoxib,substrate,CS(=O)(=O)c1ccc(C2=C(c3ccccc3)C(=O)OC2)cc1,RZJQGNCSTQAWON-UHFFFAOYSA-N,drugbank,,,1,False,False,True,False,1
True,Triclabendazole,substrate,CSc1nc2cc(Cl)c(Oc3cccc(Cl)c3Cl)cc2[nH]1,NQPDXQQQCQDHHW-UHFFFAOYSA-N,drugbank,,,1,False,False,True,False,1
True,fenfluramine,substrate,CCNC(C)Cc1cccc(C(F)(F)F)c1,DBGIVFWFUFKIQN-UHFFFAOYSA-N,drugbank,,,1,False,False,True,False,1
True,estradiol valerate,substrate,CCCCC(=O)O[C@H]1CC[C@H]2[C@@H]3CCc4cc(O)ccc4[C@H]3CC[C@]12C,RSEPBGGWRJCQGY-RBRWEJTLSA-N,drugbank,,,1,False,False,True,False,1
True,chlorpromazine,substrate,CN(C)CCCN1c2ccccc2Sc2ccc(Cl)cc21,ZPEIMTDSQAKGNT-UHFFFAOYSA-N,drugbank,,,1,False,False,True,False,1
True,lomefloxacin,substrate,CCn1cc(C(=O)O)c(=O)c2cc(F)c(N3CCNC(C)C3)c(F)c21,ZEKZLJVOYLTDKK-UHFFFAOYSA-N,drugbank,,,1,False,False,True,False,1
True,Voxilaprevir,substrate,CC[C@H]1C(C(=O)N[C@]2(C(=O)NS(=O)(=O)C3(C)CC3)C[C@H]2C(F)F)N2C[C@@H]1Oc1nc3cc(OC)ccc3nc1C(F)(F)CCCC[C@@H]1C[C@H]1OC(=O)NC(C(C)(C)C)C2=O,MZBLZLWXUBZHSL-QYMZRKNFSA-N,drugbank,,,1,False,False,True,False,1
True,methadone,substrate,CCC(=O)C(CC(C)N(C)C)(c1ccccc1)c1ccccc1,USSIQXCVUWKGNF-UHFFFAOYSA-N,drugbank,,,1,False,False,True,False,1
True,Temafloxacin,substrate,CC1CN(c2cc3c(cc2F)c(=O)c(C(=O)O)cn3-c2ccc(F)cc2F)CCN1,QKDHBVNJCZBTMR-UHFFFAOYSA-N,drugbank,,,1,False,False,True,False,1
True,Ramelteon,substrate,CCC(=O)NCC[C@@H]1CCc2ccc3c(c21)CCO3,YLXDSYKOBKBWJQ-LBPRGKRZSA-N,drugbank,,,1,False,False,True,False,1
True,Cidoxepin,substrate,CN(C)CC/C=C1/c2ccccc2COc2ccccc21,ODQWQRRAPPTVAG-BOPFTXTBSA-N,drugbank,,,1,False,False,True,False,1
True,methylene blue,substrate,CN(C)c1ccc2nc3ccc(=[N+](C)C)cc-3sc2c1,RBTBFTRPCNLSDE-UHFFFAOYSA-N,drugbank,,,1,False,False,True,False,1
True,benzocaine,substrate,CCOC(=O)c1ccc(N)cc1,BLFLLBZGZJTVJG-UHFFFAOYSA-N,drugbank,,,1,False,False,True,False,1
True,Dapagliflozin,substrate,CCOc1ccc(Cc2cc([C@@H]3O[C@H](CO)[C@@H](O)[C@H](O)[C@H]3O)ccc2Cl)cc1,JVHXJTBJCFBINQ-ADAARDCZSA-N,drugbank,,,1,False,False,True,False,1
True,Apremilast,substrate,CCOc1cc([C@@H](CS(C)(=O)=O)N2C(=O)c3cccc(NC(C)=O)c3C2=O)ccc1OC,IMOZEMNVLZVGJZ-QGZVFWFLSA-N,drugbank,,,1,False,False,True,False,1
True,Pentifylline,substrate,CCCCCCn1c(=O)c2c(ncn2C)n(C)c1=O,MRWQRJMESRRJJB-UHFFFAOYSA-N,drugbank,,,1,False,False,True,False,1
True,XANOMELINE,substrate,CCCCCCOc1nsnc1C1=CCCN(C)C1,JOLJIIDDOBNFHW-UHFFFAOYSA-N,drugbank,,,1,False,False,True,False,1
True,Levobupivacaine,substrate,CCCCN1CCCCC1C(=O)Nc1c(C)cccc1C,LEBVLXFERQHONN-UHFFFAOYSA-N,drugbank,,,1,False,False,True,False,1
True,propentofylline,substrate,CCCn1cnc2c1c(=O)n(CCCCC(C)=O)c(=O)n2C,RBQOQRRFDPXAGN-UHFFFAOYSA-N,drugbank,,,1,False,False,True,False,1
True,propafenone,substrate,CCCNCC(O)COc1ccccc1C(=O)CCc1ccccc1,JWHAUXFOSRPERK-UHFFFAOYSA-N,drugbank,,,1,False,False,True,False,1
True,albendazole,substrate,CCCSc1ccc2[nH]c(NC(=O)OC)nc2c1,HXHWSAZORRCQMX-UHFFFAOYSA-N,drugbank,,,1,False,False,True,False,1
True,cannabidiol,substrate,C=C(C)[C@@H]1CCC(C)=C[C@H]1c1c(O)cc(CCCCC)cc1O,QHMBSVQNZZTUGM-ZWKOTPCHSA-N,drugbank,,,1,False,False,True,False,1
True,Propacetamol,substrate,CCN(CC)CC(=O)Oc1ccc(NC(C)=O)cc1,QTGAJCQTLIRCFL-UHFFFAOYSA-N,drugbank,,,1,False,False,True,False,1
True,Etamiphylline,substrate,CCN(CC)CCn1cnc2c1c(=O)n(C)c(=O)n2C,AWKLBIOQCIORSB-UHFFFAOYSA-N,drugbank,,,1,False,False,True,False,1
True,metoclopramide,substrate,CCN(CC)CCNC(=O)c1cc(Cl)c(N)cc1OC,TTWJBBZEZQICBI-UHFFFAOYSA-N,drugbank,,,1,False,False,True,False,1
True,BAMIFYLLINE,substrate,CCN(CCO)CCn1c(Cc2ccccc2)nc2c1c(=O)n(C)c(=O)n2C,VVUYEFBRTFASAH-UHFFFAOYSA-N,drugbank,,,1,False,False,True,False,1
True,Istradefylline,substrate,CCn1c(=O)c2c(nc(/C=C/c3ccc(OC)c(OC)c3)n2C)n(CC)c1=O,IQVRBWUUXZMOPW-PKNBQFBNSA-N,drugbank,,,1,False,False,True,False,1
True,Cafedrine,substrate,C[C@H](NCCn1cnc2c1c(=O)n(C)c(=O)n2C)[C@H](O)c1ccccc1,UJSKUDDDPKGBJY-WFASDCNBSA-N,drugbank,,,1,False,False,True,False,1
True,etoposide,substrate,COc1cc([C@@H]2c3cc4c(cc3[C@@H](O[C@@H]3O[C@@H]5CO[C@@H](C)O[C@H]5[C@H](O)[C@H]3O)[C@H]3COC(=O)C23)OCO4)cc(OC)c1O,VJJPUSNTGOMMGY-HZDRAOIFSA-N,drugbank,,,1,False,False,True,False,1
True,resveratrol,substrate,Oc1ccc(C=Cc2cc(O)cc(O)c2)cc1,LUKBXSAWLPMMSZ-UHFFFAOYSA-N,drugbank,,,1,False,False,True,False,1
True,Bendamustine,substrate,Cn1c(CCCC(=O)O)nc2cc(N(CCCl)CCCl)ccc21,YTKUWDBFDASYHO-UHFFFAOYSA-N,drugbank,,,1,False,False,True,False,1
True,azathioprine,substrate,Cn1cnc([N+](=O)[O-])c1Sc1ncnc2[nH]cnc12,LMEKQMALGUDUQG-UHFFFAOYSA-N,drugbank,,,1,False,False,True,False,1
True,theobromine,substrate,Cn1cnc2c1c(=O)[nH]c(=O)n2C,YAPQBXQYLJRXSA-UHFFFAOYSA-N,drugbank,,,1,False,False,True,False,1
True,Selumetinib,substrate,Cn1cnc2c(F)c(Nc3ccc(Br)cc3Cl)c(C(=O)NOCCO)cc21,CYOHGALHFOKKQC-UHFFFAOYSA-N,drugbank,,,1,False,False,True,False,1
True,Binimetinib,substrate,Cn1cnc2c(F)c(Nc3ccc(Br)cc3F)c(C(=O)NOCCO)cc21,ACWZRVQXLIRSDF-UHFFFAOYSA-N,drugbank,,,1,False,False,True,False,1
True,pimobendan,substrate,COc1ccc(-c2nc3cc(C4=NNC(=O)CC4C)ccc3[nH]2)cc1,GLBJJMFZWDBELO-UHFFFAOYSA-N,drugbank,,,1,False,False,True,False,1
True,Org 5222,substrate,CN1CC2c3ccccc3Oc3ccc(Cl)cc3C2C1,VSWBSWWIRNCQIJ-UHFFFAOYSA-N,drugbank,,,1,False,False,True,False,1
True,azelastine,substrate,CN1CCCC(n2nc(Cc3ccc(Cl)cc3)c3ccccc3c2=O)CC1,MBUVEWMHONZEQD-UHFFFAOYSA-N,drugbank,,,1,False,False,True,False,1
True,nicotine,substrate,CN1CCC[C@H]1c1cccnc1,SNICXCGAKADSCV-JTQLQIEISA-N,drugbank,,,1,False,False,True,False,1
True,mianserin,substrate,CN1CCN2c3ccccc3Cc3ccccc3C2C1,UEQUQVLFIPOEMF-UHFFFAOYSA-N,drugbank,,,1,False,False,True,False,1
True,lumateperone,substrate,CN1CCN2c3c(cccc31)[C@@H]1CN(CCCC(=O)c3ccc(F)cc3)CC[C@@H]12,HOIIHACBCFLJET-SFTDATJTSA-N,drugbank,,,1,False,False,True,False,1
True,Gastrosedol,substrate,CN=C(C[N+](=O)[O-])NCCSCc1ccc(CN(C)C)o1,SYNOVMDJYWJCON-UHFFFAOYSA-N,drugbank,,,1,False,False,True,False,1
True,Axitinib,substrate,CNC(=O)c1ccccc1Sc1ccc2c(C=Cc3ccccn3)[nH]nc2c1,RITAVMQDGBJQJZ-UHFFFAOYSA-N,drugbank,,,1,False,False,True,False,1
True,Sorafenib,substrate,CNC(=O)c1cc(Oc2ccc(NC(=O)Nc3ccc(Cl)c(C(F)(F)F)c3)cc2)ccn1,MLDQJTXFUGDVEO-UHFFFAOYSA-N,drugbank,,,1,False,False,True,False,1
True,Grepafloxacin,substrate,Cc1c(F)c(N2CCNC(C)C2)cc2c1c(=O)c(C(=O)O)cn2C1CC1,AIJTTZAVMXIJGM-UHFFFAOYSA-N,drugbank,,,1,False,False,True,False,1
True,Acenocoumarol,substrate,CC(=O)CC(c1ccc([N+](=O)[O-])cc1)c1c(O)c2ccccc2oc1=O,VABCILAOYCMVPS-UHFFFAOYSA-N,drugbank,,,1,False,False,True,False,1
True,ondansetron,substrate,Cc1nccn1CC1CCc2c(c3ccccc3n2C)C1=O,FELGMEQIXOGIFQ-UHFFFAOYSA-N,drugbank,,,1,False,False,True,False,1
True,Icotinib,substrate,C#Cc1cccc(Nc2ncnc3cc4c(cc23)OCCOCCOCCO4)c1,QQLKULDARVNMAL-UHFFFAOYSA-N,drugbank,,,1,False,False,True,False,1
True,carmustine,substrate,O=NN(CCCl)C(=O)NCCCl,DLGOEMSEDOSKAD-UHFFFAOYSA-N,drugbank,,,1,False,False,True,False,1
True,8-AZAGUANINE,substrate,Nc1nc(=O)c2[nH]nnc2[nH]1,LPXQRXLUHJKZIE-UHFFFAOYSA-N,drugbank,,,1,False,False,True,False,1
True,5-Fluorouracil,substrate,O=c1[nH]cc(F)c(=O)[nH]1,GHASVSINZRGABV-UHFFFAOYSA-N,drugbank,,,1,False,False,True,False,1
True,5051-62-7,substrate,N=C(N)NN=Cc1c(Cl)cccc1Cl,WDZVGELJXXEGPV-UHFFFAOYSA-N,drugbank,,,1,False,False,True,False,1
True,Ramosetron,substrate,Cn1cc(C(=O)C2CCc3[nH]cnc3C2)c2ccccc21,NTHPAPBPFQJABD-UHFFFAOYSA-N,drugbank,,,1,False,False,True,False,1
True,8-Chlorotheophylline,substrate,Cn1c(=O)c2[nH]c(Cl)nc2n(C)c1=O,RYIGNEOBDRVTHA-UHFFFAOYSA-N,drugbank,,,1,False,False,True,False,1
True,Cinacalcet,substrate,C[C@@H](NCCCc1cccc(C(F)(F)F)c1)c1cccc2ccccc12,VDHAWDNDOKGFTD-MRXNPFEDSA-N,drugbank,,,1,False,False,True,False,1
True,8-Bromotheophylline,substrate,Cn1c(=O)c2[nH]c(Br)nc2n(C)c1=O,SKTFQHRVFFOHTQ-UHFFFAOYSA-N,drugbank,,,1,False,False,True,False,1
True,selegiline,substrate,C#CCN(C)[C@H](C)Cc1ccccc1,MEZLKOACVSPNER-GFCCVEGCSA-N,drugbank,,,1,False,False,True,False,1
True,(R)-Lisofylline,substrate,C[C@@H](O)CCCCn1c(=O)c2c(ncn2C)n(C)c1=O,NSMXQKNUPPXBRG-SECBINFHSA-N,drugbank,,,1,False,False,True,False,1
True,1792180-81-4,substrate,C=CC(=O)N1C[C@H](Nc2ncnc3[nH]ccc23)CC[C@@H]1C,CBRJPFGIXUFMTM-WDEREUQCSA-N,drugbank,,,1,False,False,True,False,1
True,Lorcaserin,substrate,C[C@H]1CNCCc2ccc(Cl)cc21,XTTZERNUQAFMOF-QMMMGPOBSA-N,drugbank,,,1,False,False,True,False,1
True,estradiol cypionate,substrate,C[C@]12CC[C@@H]3c4ccc(O)cc4CC[C@H]3[C@@H]1CC[C@@H]2OC(=O)CCC1CCCC1,UOACKFBJUYNSLK-XRKIENNPSA-N,drugbank,,,1,False,False,True,False,1
True,ethinyl estradiol,substrate,C#C[C@]1(O)CC[C@H]2[C@@H]3CCc4cc(O)ccc4[C@H]3CC[C@@]21C,BFPYWIDHMRZLRN-SLHNCBLASA-N,drugbank,,,1,False,False,True,False,1
True,norethindrone,substrate,C#C[C@]1(O)CC[C@H]2[C@@H]3CC=C4CC(=O)CCC4[C@H]3CC[C@@]21C,QGQUHXSBTSDAML-ULCNYCTPSA-N,drugbank,,,1,False,False,True,False,1
True,Glycopyrronium,substrate,C[N+]1(C)CCC(OC(=O)C(O)(c2ccccc2)C2CCCC2)C1,ANGKOCUUWGHLCE-UHFFFAOYSA-N,drugbank,,,1,False,False,True,False,1
True,Austedo,substrate,[2H]C([2H])([2H])Oc1cc2c(cc1OC([2H])([2H])[2H])[C@@H]1CC(=O)C(CC(C)C)CN1CC2,MKJIEFSOBYUXJB-HLQURMBQSA-N,drugbank,,,1,False,False,True,False,1
True,maprotiline,substrate,CNCCCC12CCC(c3ccccc31)c1ccccc12,QSLMDECMDJKHMQ-UHFFFAOYSA-N,drugbank,,,1,False,False,True,False,1
True,nortriptyline,substrate,CNCCC=C1c2ccccc2CCc2ccccc21,PHVGLTMQBUFIQQ-UHFFFAOYSA-N,drugbank,,,1,False,False,True,False,1
True,fluoxetine,substrate,CNCCC(Oc1ccc(C(F)(F)F)cc1)c1ccccc1,RTHCYVBBDHJXIQ-UHFFFAOYSA-N,drugbank,,,1,False,False,True,False,1
True,RUCAPARIB,substrate,CNCc1ccc(-c2[nH]c3cc(F)cc4c3c2CCNC4=O)cc1,HMABYWSNWIZPAG-UHFFFAOYSA-N,drugbank,,,1,False,False,True,False,1
True,promazine,substrate,CN(C)CCCN1c2ccccc2Sc2ccccc21,ZGUGWUXLJSTTMA-UHFFFAOYSA-N,drugbank,,,1,False,False,True,False,1
True,zotepine,substrate,CN(C)CCOC1=Cc2ccccc2Sc2ccc(Cl)cc21,HDOZVRUNCMBHFH-UHFFFAOYSA-N,drugbank,,,1,False,False,True,False,1
True,OXTRIPHYLLINE,substrate,C[N+](C)(C)CCO,OEYIOHPDSNJKLS-UHFFFAOYSA-N,drugbank,,,1,False,False,True,False,1
True,Fexinidazole,substrate,CSc1ccc(OCc2ncc([N+](=O)[O-])n2C)cc1,MIWWSGDADVMLTG-UHFFFAOYSA-N,drugbank,,,1,False,False,True,False,1
True,Clobazam,substrate,CN1C(=O)CC(=O)N(c2ccccc2)c2cc(Cl)ccc21,CXOXHMZGEKVPMT-UHFFFAOYSA-N,drugbank,,,1,False,False,True,False,1
True,Acefylline,substrate,Cn1c(=O)c2c(ncn2CC(=O)O)n(C)c1=O,HCYFGRCYSCXKNQ-UHFFFAOYSA-N,drugbank,,,1,False,False,True,False,1
True,DOXOFYLLINE,substrate,Cn1c(=O)c2c(ncn2CC2OCCO2)n(C)c1=O,HWXIGFIVGWUZAO-UHFFFAOYSA-N,drugbank,,,1,False,False,True,False,1
True,Theodrenaline,substrate,Cn1c(=O)c2c(ncn2CCNCC(O)c2ccc(O)c(O)c2)n(C)c1=O,WMCMJIGLYZDKRN-UHFFFAOYSA-N,drugbank,,,1,False,False,True,False,1
True,Maribavir,substrate,CC(C)Nc1nc2cc(Cl)c(Cl)cc2n1[C@H]1O[C@@H](CO)[C@H](O)[C@@H]1O,KJFBVJALEQWJBS-XUXIUFHCSA-N,drugbank,,,1,False,False,True,False,1
