CANONICAL_SMILES,INCHIKEY,common_name,appears_in_N_ds
COc1ccc([C@@H]2Sc3ccccc3N(CCN(C)C)C(=O)C2OC(C)=O)cc1,HSUGRBWQSSZJOP-LBAQZLPGSA-N,Diltiazem,4
CC#C[C@]1(O)CC[C@H]2C3=C(C4=C(CC3)CC(=O)CC4)C(c3ccc(N(C)C)cc3)C[C@@]21C,BHZCGCMWEVHUBA-ZLMDOPAYSA-N,mifepristone,4
COCC(=O)O[C@]1(CCN(C)CCCc2nc3ccccc3[nH]2)CCc2cc(F)ccc2[C@@H]1C(C)C,HBNPJJILLOYFJU-VMPREFPWSA-N,mibefradil,4
C#C[C@]1(O)CC[C@H]2[C@@H]3CCc4cc(O)ccc4[C@H]3CC[C@@]21C,BFPYWIDHMRZLRN-SLHNCBLASA-N,Ethinylestradiol,3
O=C1CCc2cc(OCCCCc3nnnn3C3CCCCC3)ccc2N1,RRGUKTPIGVIEKM-UHFFFAOYSA-N,cilostazol,3
COc1c2occc2c(OC)c2c(=O)cc(C)oc12,HSMPDPBYAYSOBC-UHFFFAOYSA-N,Khellin,3
COc1ccccc1N1CCN(CC(C(=O)NC(C)(C)C)c2ccccc2)CC1,UMTDAKAAYOXIKU-UHFFFAOYSA-N,,3
CCOC(=O)Nc1ccc2c(c1)N(C(=O)CCN1CCOCC1)c1ccccc1S2,FUBVWMNBEHXPSU-UHFFFAOYSA-N,,3
COc1ccc(CCN(C)CCC[C@@](C#N)(c2cc(OC)c(OC)c(OC)c2)C(C)C)cc1OC,XQLWNAFCTODIRK-NDEPHWFRSA-N,gallopamil,3
CC(C)(C)NC(=O)C1CN(Cc2cccnc2)CCN1C[C@@H](O)CC(Cc1ccccc1)C(=O)N[C@H]1c2ccccc2C[C@H]1O,CBVCZFGXHXORBI-IXVTTXLYSA-N,indinavir,3
Cc1ccc(-c2nc3ccc(C)cn3c2CC(=O)N(C)C)cc1,ZAFYATHCZYHLPB-UHFFFAOYSA-N,zolpidem,3
CC(=O)N1CCN(c2ccc(OC[C@H]3CO[C@](Cn4ccnc4)(c4ccc(Cl)cc4Cl)O3)cc2)CC1,XMAYWYJOQHXEEK-OZXSUGGESA-N,ketoconazole,3
N#Cc1ccc(C(c2ccc(C#N)cc2)n2cncn2)cc1,HPJKCIUCZWXJDR-UHFFFAOYSA-N,letrozole,3
CCC(C)C(=O)O[C@H]1C[C@@H](C)C=C2C=C[C@H](C)[C@H](CC[C@@H]3C[C@@H](O)CC(=O)O3)[C@H]21,PCZOHLXUXFIOCF-SGFUJYLFSA-N,lovastatin,3
Cc1cnc(NC(=O)C2C(=O)c3ccccc3S(=O)(=O)N2C)s1,ZAHQBPYQBHTECE-UHFFFAOYSA-N,meloxicam,3
Cc1c(O)cccc1C(=O)N[C@@H](CSc1ccccc1)[C@H](O)CN1C[C@H]2CCCC[C@H]2CC1C(=O)NC(C)(C)C,QAGYKUNXZHXKMR-RHMILFQJSA-N,nelfinavir,3
COC(=O)C1=C(C)N=C(C)C(C(=O)OCCN(C)Cc2ccccc2)[C@H]1c1cccc([N+](=O)[O-])c1,UXVSDVSUISWXKD-CGAIIQECSA-N,nicardipine,3
COCCOC(=O)C1=C(C)N=C(C)C(C(=O)OC(C)C)[C@@H]1c1cccc([N+](=O)[O-])c1,SVMHYHIZWOJKDL-MUMRKEEXSA-N,nimodipine,3
CCCCCN(CCCCC)C(=O)C(CCC(=O)O)NC(=O)c1ccc(Cl)c(Cl)c1,IEKOTSCYBBDIJC-UHFFFAOYSA-N,,3
CCC(C)(C)C(=O)O[C@H]1C[C@@H](C)C=C2C=C[C@H](C)[C@H](CC[C@@H]3C[C@@H](O)CC(=O)O3)[C@H]21,RYMZZMVNJRMUDD-HGQWONQESA-N,simvastatin,3
O=c1c(O)c(-c2ccc(O)c(O)c2)oc2cc(O)cc(O)c12,REFJWTPEDVJJIY-UHFFFAOYSA-N,quercetin,3
CC(C)c1nc(CN(C)C(=O)NC(C(=O)N[C@@H](Cc2ccccc2)C[C@H](O)[C@H](Cc2ccccc2)NC(=O)OCc2cncs2)C(C)C)cs1,NCDNCNXCDXHOMX-BWGGSIGWSA-N,ritonavir,3
CC(C)CC1C(=O)N2CCC[C@H]2[C@]2(O)O[C@](NC(=O)C3C=C4c5cccc6[nH]c(Br)c(c56)C[C@H]4N(C)C3)(C(C)C)C(=O)N12,OZVBMTJYIDMWIL-YCHBFXMOSA-N,bromocriptine,3
CC=C(c1ccc(O)cc1)C(CC)c1ccc(O)cc1,CEHDRGBLVBQUPH-UHFFFAOYSA-N,diethylstilbestrol,3
CCc1nn(CCCN2CCN(c3cccc(Cl)c3)CC2)c(=O)n1CCOc1ccccc1,VRBKIVRKKCLPHA-UHFFFAOYSA-N,Nefazodone,3
CC[C@H]1OC(=O)C(C)[C@@H](O[C@H]2C[C@@](C)(OC)[C@@H](O)[C@H](C)O2)[C@H](C)[C@@H](O[C@@H]2O[C@H](C)C[C@H](N(C)C)[C@H]2O)[C@](C)(OC)CC(C)C(=O)C(C)[C@@H](O)[C@]1(C)O,AGOYDEPGAOXOCK-WLLSWQJKSA-N,Clarithromycin,3
CC(C)Nc1cccnc1N1CCN(C(=O)c2cc3cc(NS(C)(=O)=O)ccc3[nH]2)CC1,WHBIGIKBNXZKFE-UHFFFAOYSA-N,Delavirdine,3
COc1ccc2[nH]c([S+]([O-])Cc3ncc(C)c(OC)c3C)nc2c1,SUBDBMMJDZJVOS-UHFFFAOYSA-N,Omeprazole,3
CN1CC(=O)N2C(Cc3c([nH]c4ccccc34)[C@H]2c2ccc3c(c2)OCO3)C1=O,WOXKDUGGOYFFRN-CAWMZFRYSA-N,Tadalafil,3
COC(=O)[C@@]1(Cc2ccc(F)cc2)[C@H]2c3cc(C(=O)N4CCCC4)n(CCN4CNCC4=O)c3C[C@H]2CN1C(=O)c1ccccc1,NOYGOOCSTHITMG-ARROIKNCSA-N,,2
COC(=O)[C@@]1(Cc2ccc(F)cc2)[C@H]2c3cc(C(=O)N4CCCC4)n(Cc4ccc(C)c(F)c4F)c3C[C@H]2CN1C(=O)c1ccccc1,HVCOQKVPBHAGIB-BTKUGFOPSA-N,,2
COc1cccc(Cn2c(=O)c(CCc3ccccc3)nc3cncnc32)c1,QFHODSGBGYSEDZ-UHFFFAOYSA-N,,2
C/C=C\C[C@H](C)[C@H](O)C1C(=O)NC(CC)C(=O)N(C)CC(=O)N(C)C(CC(C)C)C(=O)NC(C(C)C)C(=O)N(C)C(CC(C)C)C(=O)NC(C)C(=O)NC(C)C(=O)N(C)C(CC(C)C)C(=O)N(C)C(CC(C)C)C(=O)N(C)C(C(C)C)C(=O)N1C,PMATZTZNYRCHOR-WADPPZLWSA-N,,2
COC(=O)[C@@]1(Cc2ccc(F)cc2)[C@H]2c3cc(C(=O)N4CCCC4)n(Cc4ccc(OC(F)(F)F)cc4)c3C[C@H]2CN1C(=O)c1ccccc1,QOKMCYCCJICRHC-BZZCMJIQSA-N,,2
Cc1nn(C)c(Cl)c1S(=O)(=O)N[C@@H](c1ccccc1)[C@]1(C)C[C@H]1C(C)C(=O)Nc1ccc2ccccc2c1,HMZIIROBFORYQD-GRJNLCJDSA-N,,2
COc1cccc2c1[C@@H]1CN(CCCCn3c(=O)[nH]c4c(sc5ncc(-c6ccccc6)nc54)c3=O)C[C@H]1CO2,WDTAYDBPNYFWDR-VQTJNVASSA-N,,2
COc1ccc(Oc2ncc3nc(C)c(=O)n(CCc4ccccc4)c3n2)cc1,IEWSXZQTMAUBDI-UHFFFAOYSA-N,,2
COC(=O)[C@@]1(Cc2ccc(OC)cc2)C2C(CC(=O)C2CC(=O)C(=O)N2CCCC2)CN1C(=O)c1ccccc1,FUOZZSMWBZCJBY-NTCAFSCDSA-N,,2
CN1CC(C(=O)N[C@]2(C)O[C@@]3(O)[C@H]4CCCN4C(=O)C(Cc4ccccc4)N3C2=O)C[C@H]2c3cccc4[nH]cc(c34)C[C@@H]21,LUZRJRNZXALNLM-LBNQTOQESA-N,,2
CCCc1cc2c(n1Cc1ccc(C)cc1)C(C)C1CN(C(=O)c3ccccc3)C(C)(C(=O)OC)C21,LGVGIRLAIAQSHE-UHFFFAOYSA-N,,2
COC(=O)[C@@]1(Cc2ccc(OC)cc2)[C@H]2c3cc(C(=O)N4CCCC4)n(CCc4ccc(O)c(O)c4)c3C[C@H]2CN1C(=O)c1ccccc1,IOVKSLQPMLNGPI-SLPAIBBYSA-N,,2
COC(=O)[C@@]1(Cc2ccc(OC)cc2)[C@H]2c3cc(C(=O)N(C)C)n(Cc4ccccn4)c3C[C@H]2CN1C(=O)c1ccccc1,UNZZWPZBBZRBSR-ARROIKNCSA-N,,2
COC(=O)[C@@]1(Cc2ccc(F)cc2)[C@H]2c3cc(C(=O)N4CCCC4)n(Cc4ccc(C)o4)c3C[C@H]2CN1C(=O)c1ccccc1,AUFYTBYVLMHLSG-IQGXZWDMSA-N,,2
CCCc1cc2c(n1Cc1cc(F)cc(F)c1)C(C)C1CN(C(=O)c3ccccc3)C(C)(C(=O)OC)C21,LWHZJVLHFDAJEE-UHFFFAOYSA-N,,2
COC(=O)[C@@]1(Cc2ccc(OC)cc2)[C@H]2c3cc(C(=O)N4CCCC4)n(Cc4ccc(C)c(F)c4F)c3C[C@H]2CN1C(=O)c1ccccc1,IQGAWVGVJMPFPD-PYIRXZPZSA-N,,2
COc1ccc(Oc2ncc3nc(-c4cn(C)c5ccccc45)c(=O)n(CCC#N)c3n2)cc1,DWZRQJHEUIJPPG-UHFFFAOYSA-N,,2
COC(=O)[C@@]1(Cc2ccc(OC)cc2)[C@H]2c3cc(C(=O)N4CCCC4)n(Cc4ccc(S(C)(=O)=O)cc4)c3C[C@H]2CN1C(=O)c1ccccc1,DGRRPXKQMLQOQN-UYCCPRBBSA-N,,2
FC(F)(F)c1ccccc1-c1cncnc1NCCN1CCOCC1,XLXZOBOMQANMBA-UHFFFAOYSA-N,,2
CCCc1cc2c(n1Cc1cccc(Cl)c1)C(C)C1CN(C(=O)c3ccccc3)C(C)(C(=O)OC)C21,AZIVYHSVLOKQRW-UHFFFAOYSA-N,,2
CN1CCN(c2ncc3nc(-c4cn(C)c5ccccc45)c(=O)n(CCc4ccccc4)c3n2)CC1,QABXFTWQZGZMGY-UHFFFAOYSA-N,,2
COC(=O)[C@@]1(Cc2ccc(F)cc2)[C@H]2c3cc(C(=O)N(C)C)n(CCF)c3C[C@H]2CN1C(=O)c1ccccc1,UAFBKVQGPQIYQC-FIYUJZNDSA-N,,2
COC(=O)[C@@]1(Cc2ccc(F)cc2)[C@H]2c3cc(C(=O)N(C)C)n(Cc4ccc(O)c(OC)c4)c3C[C@H]2CN1C(=O)c1ccccc1,VFUMIYRESDHHFS-UADVTRIOSA-N,,2
COC(=O)[C@@]1(Cc2ccc(OC)cc2)[C@H]2c3cc(C(=O)N4CCCC4)n(Cc4cc(C)n(C)n4)c3C[C@H]2CN1C(=O)c1ccccc1,QSHJKBDKRPBZLW-BZZCMJIQSA-N,,2
COC(=O)[C@@]1(Cc2ccc(OC)cc2)[C@H]2c3cc(C(=O)N4CCCC4)n(CCc4c[nH]c5cc(F)ccc45)c3C[C@H]2CN1C(=O)c1ccccc1,BKNCPHNRWRSOTI-JZIVADLGSA-N,,2
COC(=O)[C@@]1(Cc2ccc(OC)cc2)[C@H]2c3cc(C(=O)N4CCCC4)n(CCc4c[nH]c5ccccc45)c3C[C@H]2CN1C(=O)c1ccccc1,VRJHBMSARJSWCR-RMJSMBGZSA-N,,2
COc1cccc(Cn2c(=O)c(-c3ccccc3)nc3cnc(N4CCNCC4)nc32)c1,WHYFQDIXMXWQAD-UHFFFAOYSA-N,,2
O=C(NCc1ccccc1)C1C[C@H]1[C@@H](NP(=O)(c1ccccc1)c1ccccc1)c1ccccc1,UFFCTWJAUYAWNT-IZONQVJESA-N,,2
COC(=O)[C@@]1(Cc2ccccc2)[C@H]2c3cc(C(=O)N(C)C)n(CCN4CNCC4=O)c3C[C@H]2CN1C(=O)c1ccccc1,QXOKEWBEONJQAF-PICNGLBESA-N,,2
COc1ccc2c(c1OC)C(=O)O[C@@H]2[C@H]1c2c(cc3c(c2OC)OCO3)CCN1C,AKNNEGZIBPJZJG-MSOLQXFVSA-N,,2
COC(=O)[C@@]1(Cc2ccc(OC)cc2)[C@H]2c3cc(C(=O)N(C)C)n(Cc4ccc(C(F)(F)F)nc4)c3C[C@H]2CN1C(=O)c1ccccc1,SXFIPQDYUQKXMT-ARROIKNCSA-N,,2
COC(=O)[C@@]1(Cc2ccccc2)[C@H]2c3cc(C(=O)N4CCCC4)n(Cc4ccc(OC)c(OC)c4)c3C[C@H]2CN1C(=O)c1ccccc1,FBCSCJATBWRZKW-UYCCPRBBSA-N,,2
CN(C(=O)Cc1ccc(Cl)c(Cl)c1)[C@H](CN1CCCC1)c1cccc(N=C=S)c1,BNAKCEFXXMHXDQ-OAQYLSRUSA-N,,2
CCC/C=C(\CCC)C(NS(=O)(=O)c1cccc2cccnc12)c1ccc(-c2ccccc2)cc1,MAVAPBZFMXFJKT-BRJLIKDPSA-N,,2
Cc1c(C(=O)c2ccc3ccccc3c2)c2cccc3c2n1[C@H](CN1CCOCC1)CO3,YIZIGGXNFRIVFS-JOCHJYFZSA-N,,2
COC(=O)[C@@]1(Cc2ccc(OC)cc2)[C@H]2c3cc(C(=O)N4CCCC4)n(Cc4ccccn4)c3C[C@H]2CN1C(=O)c1ccccc1,GQDTXJAQTYCECT-BZZCMJIQSA-N,,2
COC(=O)[C@@]1(Cc2ccc(OC)cc2)[C@H]2c3cc(C(=O)N(C)C)n(Cc4ccc(S(C)(=O)=O)cc4)c3C[C@H]2CN1C(=O)c1ccccc1,YTCAVUUCEAZBPM-BZZCMJIQSA-N,,2
COC(=O)[C@@]1(Cc2ccc(OC)cc2)C2C(CC(=O)C2CC(=O)C(=O)N(C)C)CN1C(=O)c1ccccc1,VHYXYFMGTVBKSC-KFNCMCARSA-N,,2
COC(=O)[C@@]1(Cc2ccccc2)[C@H]2c3cc(C(=O)N(C)C)n(Cc4ccc(OC)c(OC)c4)c3C[C@H]2CN1C(=O)c1ccccc1,YQWQYRPVWGABLX-BZZCMJIQSA-N,,2
COC(=O)[C@@]1(Cc2ccc(F)cc2)[C@H]2c3cc(C(=O)N4CCCC4)n(Cc4ccc(C(F)(F)F)nc4)c3C[C@H]2CN1C(=O)c1ccccc1,XCKMVXFUJNWDRX-IQGXZWDMSA-N,,2
COC(=O)[C@@]1(Cc2ccc(F)cc2)[C@H]2c3cc(C(=O)N(C)C)n(Cc4cc(C)n(C)n4)c3C[C@H]2CN1C(=O)c1ccccc1,XHOPUSRXHBCOCK-TUDCREIJSA-N,,2
COc1cccc(Cn2c(=O)c(CCc3ccccc3)nc3cnc(N4CCN(C)CC4)nc32)c1,HDFKNFUKPSYIGP-UHFFFAOYSA-N,,2
COc1cccc(Cn2c(=O)c(-c3cccs3)nc3cnc(N4CCN(C)CC4)nc32)c1,OEVULQJWXGHHCA-UHFFFAOYSA-N,,2
COC(=O)[C@@]1(Cc2ccccc2)[C@H]2c3cc(C(=O)N4CCCC4)n(Cc4ccc(O)c(OC)c4)c3C[C@H]2CN1C(=O)c1ccccc1,XILSJPAFFMSIJN-TZHCILSOSA-N,,2
COC(=O)[C@@]1(Cc2ccc(F)cc2)[C@H]2c3cc(C(=O)N(C)C)n(Cc4ccc(OC)c(OC)c4)c3C[C@H]2CN1C(=O)c1ccccc1,UXYHZAOAJFVPGU-ZZSYSKQCSA-N,,2
COC(=O)[C@@]1(Cc2ccc(F)cc2)[C@H]2c3cc(C(=O)N(C)C)n(CCc4ccc(O)c(O)c4)c3C[C@H]2CN1C(=O)c1ccccc1,AOLXDXDYQASKFZ-UADVTRIOSA-N,,2
COCC1C2CC[C@H]3C(OCc4ccc(OC)cc4)OC[C@]4(C)[C@H]3C2=C(CN4C(=O)OC(C)(C)C)[C@H](C)C1COC,OLSPSVCQXIHJFE-UJLAFGEUSA-N,,2
C/C=C(\C)C(=O)O[C@@H]1C(C)=C2[C@H]([C@@H]1OC(=O)CCCCCCC)[C@@](C)(OC(C)=O)C[C@@H](OC(=O)CCC)[C@@]1(O)[C@H]2OC(=O)[C@]1(C)O,IXFPJGBNCFXKPI-BCYRMMJLSA-N,,2
COC(=O)[C@@]1(Cc2ccc(OC)cc2)[C@H]2c3cc(C(=O)N4CCCC4)n(Cc4cc(F)cc5c4OCOC5)c3C[C@H]2CN1C(=O)c1ccccc1,UATPTRKWMFZYHE-QGHDBFBESA-N,,2
COC(=O)[C@@]1(Cc2ccccc2)[C@H]2c3cc(C(=O)N4CCCC4)n(Cc4ccsc4Br)c3C[C@H]2CN1C(=O)c1ccccc1,GFIUPDJLOXKAOU-ZOBZBXOOSA-N,,2
COC(=O)[C@@]1(Cc2ccccc2)[C@H]2c3cc(C(=O)N(C)C)n(Cc4ccccc4)c3C[C@H]2CN1C(=O)c1ccccc1,VPTIJSFMWFCPFI-NNRCMAHHSA-N,,2
CC(C)[C@@]1(NC(=O)C2C[C@H]3c4cccc5[nH]cc(c45)C[C@@H]3N(C)C2)O[C@@]2(O)[C@H]3CCCN3C(=O)C(Cc3ccccc3)N2C1=O,DEQITUUQPICUMR-LBQNKEKUSA-N,,2
COC(=O)[C@@]1(Cc2ccc(OC)cc2)[C@H]2c3cc(C(=O)N4CCCC4)n(CCc4c[nH]c5ccc(O)cc45)c3C[C@H]2CN1C(=O)c1ccccc1,KBGODNRRRTZUEZ-JZIVADLGSA-N,,2
COC(=O)[C@@]1(Cc2ccc(OC)cc2)[C@H]2c3cc(C(=O)N4CCCC4)n(CCN4CCOCC4)c3C[C@H]2CN1C(=O)c1ccccc1,UZQLNPYFCMTPIG-OXSWOZIASA-N,,2
COc1ccc(Oc2ncc3nc(-c4cccs4)c(=O)n(Cc4cccc(OC)c4)c3n2)cc1,VFAMUMKJJOIOHR-UHFFFAOYSA-N,,2
COC(=O)c1c(-c2cc(OC)c(OC)c(OC)c2)c2ccc(OCc3ccccn3)cc2c(=O)n1-c1ccc(N)cc1,ORZROTLRYOYVPB-UHFFFAOYSA-N,,2
COC(=O)[C@@]1(Cc2ccccc2)[C@H]2c3cc(C(=O)N4CCCC4)n(Cc4ccccn4)c3C[C@H]2CN1C(=O)c1ccccc1,QVGAGMJUDHOGFI-RZLLJLAESA-N,,2
COC(=O)[C@@]1(Cc2ccc(OC)cc2)[C@H]2c3cc(C(=O)N4CCCC4)n(Cc4ccc(C)o4)c3C[C@H]2CN1C(=O)c1ccccc1,ZRPAIQGBVCHIQE-BZZCMJIQSA-N,,2
COC(=O)[C@@]1(Cc2ccccc2)[C@H]2c3cc(C(=O)N(C)C)n(Cc4cc(F)c(F)c(F)c4)c3C[C@H]2CN1C(=O)c1ccccc1,FQVQHYSODOMJRP-SBFZPILDSA-N,,2
COC(=O)[C@@]1(Cc2ccc(F)cc2)[C@H]2c3cc(C(=O)N(C)C)n(CCc4ccccn4)c3C[C@H]2CN1C(=O)c1ccccc1,KLPQGUOKRRAJCQ-ARROIKNCSA-N,,2
COC(=O)[C@@]1(Cc2ccc(F)cc2)[C@H]2c3cc(C(=O)N(C)C)n(CCO)c3C[C@H]2CN1C(=O)c1ccccc1,FNGXNBMJCVXGLN-FIYUJZNDSA-N,,2
COC(=O)[C@@]1(Cc2ccc(OC)cc2)[C@H]2c3cc(C(=O)N4CCCC4)n(Cc4ccc(C(F)(F)F)nc4)c3C[C@H]2CN1C(=O)c1ccccc1,KTIWNPJTYVRNQE-BZZCMJIQSA-N,,2
COC(=O)C1(Cc2ccccc2)C2c3cc(C(=O)N4CCCC4)n(Cc4ccc(OC(F)(F)F)cc4)c3CC2CN1C(=O)c1ccccc1,RHUHLOATDMWRHJ-UHFFFAOYSA-N,,2
COC(=O)[C@@]1(Cc2ccc(OC)cc2)[C@H]2c3cc(C(=O)N(C)C)n(Cc4ccc(C)o4)c3C[C@H]2CN1C(=O)c1ccccc1,NYLVPTDMNUJYBK-ARROIKNCSA-N,,2
Cc1ccc(CNC(=O)C2C[C@H]2[C@@H](NP(=O)(c2ccccc2)c2ccccc2)c2ccccc2)o1,AMEKFZSDKNRZRL-UNQNHFTRSA-N,,2
COc1cc2nc(N3CCN(C(=O)OCc4ccccc4)C(C(=O)NC(C)(C)C)C3)nc(N)c2cc1OC,CGWOIDCAGBKOQL-UHFFFAOYSA-N,,2
COC(=O)[C@@]1(Cc2ccc(OC)cc2)[C@H]2c3cc(C(=O)N4CCCC4)n(CCSCCO)c3C[C@H]2CN1C(=O)c1ccccc1,IUIVVSQUZWZUMA-XRCYRVQWSA-N,,2
CCC(C)(C)C(=O)O[C@@H]1C[C@@H](C)C=C2C=C[C@H](C)[C@H](CC[C@@H]3C[C@@H](O)CC(=O)O3)[C@H]21,RYMZZMVNJRMUDD-VPFVRSNTSA-N,,2
COC(=O)[C@@]1(Cc2ccc(OC)cc2)[C@H]2c3cc(C(=O)N(C)C)n(Cc4ccc(OC(F)(F)F)cc4)c3C[C@H]2CN1C(=O)c1ccccc1,XNFNZYZDXSOHLL-IQGXZWDMSA-N,,2
COC(=O)[C@@]1(Cc2ccc(OC)cc2)[C@H]2c3cc(C(=O)N(C)C)n(Cc4ccc(Cl)c(C(F)(F)F)c4)c3C[C@H]2CN1C(=O)c1ccccc1,MKTQXJWTFMHXRG-UADVTRIOSA-N,,2
CCC/C=C(\CCC)C(NS(=O)(=O)CC12CCC(CC1=O)C2(C)C)c1ccc(C(=O)OC)cc1,CZEPUPRPJMABOT-VXLYETTFSA-N,,2
COC(=O)[C@@]1(Cc2ccc(F)cc2)[C@H]2c3cc(C(=O)N4CCCC4)n(CCSCCO)c3C[C@H]2CN1C(=O)c1ccccc1,PGXVRRDBAHQTIS-SNLOLGNNSA-N,,2
COC(=O)[C@@]1(Cc2ccc(F)cc2)[C@H]2c3cc(C(=O)N4CCCC4)n(CCc4ccccn4)c3C[C@H]2CN1C(=O)c1ccccc1,XZLCYKGQWDJQGX-BZZCMJIQSA-N,,2
COC(=O)[C@@]1(Cc2ccc(OC)cc2)[C@H]2c3cc(C(=O)N4CCCC4)n(CCc4ccc(O)c(OC)c4)c3C[C@H]2CN1C(=O)c1ccccc1,FMSFJKXNCZQGEI-ZNIBHDIESA-N,,2
CCCc1cc2c(n1Cc1ccco1)C(C)C1CN(C(=O)c3ccccc3)C(C)(C(=O)OC)C21,WFXBEVMUNKOKLH-UHFFFAOYSA-N,,2
COc1cccc(Cn2c(=O)c(C)nc3cnc(Nc4ccccc4)nc32)c1,RWOVMTVXVROTLZ-UHFFFAOYSA-N,,2
COC(=O)[C@@]1(Cc2ccc(OC)cc2)[C@H]2c3cc(C(=O)N4CCCC4)n(CCc4ccccn4)c3C[C@H]2CN1C(=O)c1ccccc1,CZNPHHJXTMHBIH-TZHCILSOSA-N,,2
COC(=O)[C@@]1(Cc2ccc(OC)cc2)[C@H]2c3cc(C(=O)N4CCCC4)n(Cc4ccc(O)c(OC)c4)c3C[C@H]2CN1C(=O)c1ccccc1,IUKPYMLGWYKPRW-SLPAIBBYSA-N,,2
COC(=O)[C@@]1(Cc2ccc(OC)cc2)[C@H]2c3cc(C(=O)N4CCCC4)n(CCF)c3C[C@H]2CN1C(=O)c1ccccc1,DULLINYUQQESBK-PICNGLBESA-N,,2
COc1ccccc1CC(=N)N1CC2C(=O)CCC(c3ccccc3)(c3ccccc3)[C@@H]2C1,VWBOQFANCXZMAU-WUBHUQEYSA-N,,2
COC(=O)[C@@]1(Cc2ccc(OC)cc2)[C@H]2c3cc(C(=O)N4CCCC4)n(Cc4ccc(OC)c(OC)c4)c3C[C@H]2CN1C(=O)c1ccccc1,OFIVKBUMLYPYSP-ZNIBHDIESA-N,,2
COC(=O)[C@@]1(Cc2ccc(F)cc2)[C@H]2c3cc(C(=O)N(C)C)n(CCN4CCOCC4)c3C[C@H]2CN1C(=O)c1ccccc1,PSEBGPRXBWFQED-SNLOLGNNSA-N,,2
COC(=O)[C@@]1(Cc2ccc(OC)cc2)[C@H]2c3cc(C(=O)N4CCCC4)n(Cc4ccsc4Br)c3C[C@H]2CN1C(=O)c1ccccc1,TVSHQCGBSBQDCE-IDJVADSYSA-N,,2
COC(=O)[C@@]1(Cc2ccc(OC)cc2)[C@H]2c3cc(C(=O)N(C)C)n(Cc4c(CO)[nH]cc(C)c4=O)c3C[C@H]2CN1C(=O)c1ccccc1,IYBNJJWTXKUZFU-PTEUEGMISA-N,,2
COc1cccc(Nc2ncc3nc(-c4cn(C)c5ccccc45)c(=O)n(C[C@H]4CCCO4)c3n2)c1,BTTYRSLYWOVRLR-LJQANCHMSA-N,,2
CC(C(=O)Nc1ccc2ccccc2c1)[C@H]1C[C@]1(C)[C@H](NS(=O)(=O)c1ccc2ccccc2c1)c1ccccc1,UVIFVTUCLYJQDF-UAUPSKIISA-N,,2
COc1cccc(Cn2c(=O)c(-c3cc(F)cc(F)c3)nc3cnc(N4CCN(C)CC4)nc32)c1,FYWFVFMHKIWLBZ-UHFFFAOYSA-N,,2
COc1cccc(Cn2c(=O)c(-c3cc(F)cc(F)c3)nc3cnc(N4CCNCC4)nc32)c1,JIZQMSKGKYDFKS-UHFFFAOYSA-N,,2
COc1ccccc1N1CCN(CCCCNS(=O)(=O)c2cccc3c(N(C)C)cccc23)CC1,GZQHTWYWDSMEAW-UHFFFAOYSA-N,,2
COC(=O)[C@@]1(Cc2ccccc2)[C@H]2c3cc(C(=O)N(C)C)n(Cc4ccsc4Br)c3C[C@H]2CN1C(=O)c1ccccc1,FBSDYUYEHKFKMC-MZNNHXJSSA-N,,2
COC(=O)[C@@]1(Cc2ccccc2)[C@H]2c3cc(C(=O)N4CCCC4)n(CC4CC4)c3C[C@H]2CN1C(=O)c1ccccc1,RUCBVOWLOISQFJ-XYJTYJFBSA-N,,2
COC(=O)[C@@]1(Cc2ccccc2)[C@H]2c3cc(C(=O)N(C)C)n(CCF)c3C[C@H]2CN1C(=O)c1ccccc1,RWPCCOZRPIKBOH-ODTCIBSJSA-N,,2
Cc1cc(CNC(=O)C2C[C@H]2[C@@H](NP(=O)(c2ccccc2)c2ccccc2)c2ccccc2)nn1C,YYRIMQHQEDUOIG-UNQNHFTRSA-N,,2
Cc1ccc(CNC(=O)C2C[C@@H]2[C@H](NP(=O)(c2ccccc2)c2ccccc2)c2ccccc2)c(F)c1F,GSKKXEPHEYRBIZ-ODZNMXLQSA-N,,2
COC(=O)[C@@]1(Cc2ccc(OC)cc2)[C@H]2c3cc(C(=O)N(C)C)n(CCO)c3C[C@H]2CN1C(=O)c1ccccc1,YDWVFVQRVZMXEM-ZNOAHEKZSA-N,,2
COc1ccc(CCN(C)CCCOc2ccc([S+](=O)([O-])c3[nH]c4ccccc4c3C(C)C)cc2)cc1OC,KWAAABBJIYOBAJ-UHFFFAOYSA-N,,2
COC(=O)[C@@]1(Cc2ccc(F)cc2)[C@H]2c3cc(C(=O)N4CCCC4)n(CCc4c[nH]c5cc(F)ccc45)c3C[C@H]2CN1C(=O)c1ccccc1,KYDPWWRMILRYJV-WIJQUUODSA-N,,2
COC(=O)[C@@]1(Cc2ccccc2)[C@H]2c3cc(C(=O)N4CCCC4)n(Cc4cc(F)cc5c4OCOC5)c3C[C@H]2CN1C(=O)c1ccccc1,BXXGNWOFOHDBDJ-BYAHSPKBSA-N,,2
COC(=O)[C@@]1(Cc2ccc(F)cc2)[C@H]2c3cc(C(=O)N(C)C)n(CCCNc4ccc(C(F)(F)F)cc4Cl)c3C[C@H]2CN1C(=O)c1ccccc1,JZKINVDUWLITKO-UXCOJYHUSA-N,,2
Nc1ccc(N2C(=O)c3ccccc3C2=O)c(Cl)c1,DRZDMSPFGPTPER-UHFFFAOYSA-N,,2
COC(=O)[C@@]1(Cc2ccc(OC)cc2)[C@H]2c3cc(C(=O)N4CCCC4)n(Cc4c(CO)[nH]cc(C)c4=O)c3C[C@H]2CN1C(=O)c1ccccc1,PHWJISJQSJVHKD-BYAHSPKBSA-N,,2
O=c1c(CCc2ccccc2)nc2cnc(N3CCNCC3)nc2n1Cc1ccc(F)cc1,LBSDEPHHOYZISL-UHFFFAOYSA-N,,2
CC1=NN=C(c2ccc(N)cc2)c2cc3c(cc2C1)OCO3,LFBZZHVSGAHQPP-UHFFFAOYSA-N,,2
COc1cccc(Cn2c(=O)c(-c3cn(C)c4ccccc34)nc3cnc(OC)nc32)c1,XAPSNIAXMUMVLR-UHFFFAOYSA-N,,2
CCC(C)C(=O)O[C@H]1CCC=C2C=C[C@H](C)[C@H](CC[C@@H]3C[C@H](O)CC(=O)O3)[C@H]21,AJLFOPYRIVGYMJ-UXTTUKHESA-N,,2
CCNc1ncc2nc(-c3cn(C)c4ccccc34)c(=O)n(C[C@H]3CCCO3)c2n1,HUAVUIOONQIXBD-CQSZACIVSA-N,,2
COc1ccc(CNc2ncnc3ccc(-c4ccc(C(=O)N(C)C)cc4)cc23)c(OC)c1,IALFGRACFUYULM-UHFFFAOYSA-N,,2
COCCn1c(=O)c(CCc2ccccc2)nc2cnc(Nc3ccccc3)nc21,MLESQNFIZRJSHS-UHFFFAOYSA-N,,2
CCCc1cc2c(n1CCc1ccc(Cl)cc1)C(C)C1CN(C(=O)c3ccccc3)C(C)(C(=O)OC)C21,AHFOZRIQKCRHCR-UHFFFAOYSA-N,,2
CCNc1ncc2nc(CCc3ccccc3)c(=O)n(-c3ccc(OC)cc3)c2n1,BVJPLVLWUQNRAA-UHFFFAOYSA-N,,2
CC(C(=O)NCCc1c[nH]c2ccccc12)[C@H]1C[C@]1(C)[C@H](NC(=O)OCc1ccccc1)c1ccccc1,UUWFXVCDGCPIOF-UTJUZDPMSA-N,,2
COC(=O)[C@@]1(Cc2ccc(F)cc2)[C@H]2c3cc(C(=O)N(C)C)[nH]c3C[C@H]2CN1C(=O)c1ccccc1,WELXITGPURGGKZ-HGIQPGCESA-N,,2
CC(C(=O)NCc1ccccn1)[C@@H]1C[C@@]1(C)[C@@H](NC(=O)OCc1ccccc1)c1ccccc1,AHRCPCLEXQYEJS-INTCKJDQSA-N,,2
Cc1cc(C)c(S(=O)(=O)Nc2cccc(C(F)(F)F)c2)c(C)c1,ZIIUUSVHCHPIQD-UHFFFAOYSA-N,,2
FC(F)(F)c1ccccc1-c1ccc2ncnc(NCCN3CCOCC3)c2c1,QIPPZSCUQITZPT-UHFFFAOYSA-N,,2
Cn1cc(-c2nc3cnc(N4CCNCC4)nc3n(Cc3ccc(F)cc3)c2=O)c2ccccc21,ZDBOBSHBHACDMW-UHFFFAOYSA-N,,2
C=C(CC1([C@@H](NP(=O)(c2ccccc2)c2ccccc2)[C@H]2C[C@@H]2CCCC)CC1)c1cccc(OC)c1,UZVRMJYWIDQRNJ-GFLPGQDNSA-N,,2
COc1cccc(Cn2c(=O)c(C)nc3cnc(OCc4ccccc4)nc32)c1,PVWHDIAJYSFNBO-UHFFFAOYSA-N,,2
CC(C(=O)NCc1nc2ccccc2[nH]1)[C@@H]1C[C@@]1(C)[C@@H](NC(=O)OCc1ccccc1)c1ccccc1,KJDVGQOKEWEUMJ-QMHYQJIUSA-N,,2
COc1ccc2c(c1)c(CC(=O)N1CCOCC1)c(C)n2C(=O)c1ccc(Cl)cc1,BJSDNVVWJYDOLK-UHFFFAOYSA-N,,2
Cc1cccc(CNc2ncncc2-c2ccc(C(=O)N(C)C)cc2)c1,QMZLJBCIMSMRLV-UHFFFAOYSA-N,,2
COc1cccc(Cn2c(=O)c(-c3ccc(F)cc3)nc3cnc(N4CCNCC4)nc32)c1,LWTWOXFSTFQFHW-UHFFFAOYSA-N,,2
Cc1cc(C(=O)N[C@H](c2ccccc2)[C@@]2(C)C[C@@H]2C(C)C(=O)Nc2ccc3ccccc3c2)n(C)n1,XFQNPVRVZXSQSI-XDWJSXCZSA-N,,2
CC(C(=O)N[C@@H](CO)Cc1ccccc1)[C@H]1C[C@]1(C)[C@H](NC(=O)OCc1ccccc1)c1ccccc1,ACGNORVVGCXOJV-JAUDOOTHSA-N,,2
COc1cccc(Cn2c(=O)c(-c3cccs3)nc3cnc(N4CCNCC4)nc32)c1,VORMSOCEUSVILQ-UHFFFAOYSA-N,,2
COc1cccc(Nc2ncc3ncc(=O)n(CCc4ccccc4)c3n2)c1,YMEUSEFXSUNKGW-UHFFFAOYSA-N,,2
COc1ccc(Cc2nccc3cc(OC)c(OC)cc23)cc1OC,XQYZDYMELSJDRZ-UHFFFAOYSA-N,,2
COC(=O)[C@@]1(Cc2ccc(F)cc2)[C@H]2c3cc(C(=O)N4CCCC4)n(CCc4ccc(OC)c(Br)c4)c3C[C@H]2CN1C(=O)c1ccccc1,AZGZGYXOUXZFRX-SLPAIBBYSA-N,,2
Cc1cc(C(=O)N[C@@H](c2ccccc2)[C@]2(C)C[C@H]2C(C)C(=O)Nc2ccc3ccccc3c2)n(C)n1,XFQNPVRVZXSQSI-JJCYSHLBSA-N,,2
CCCCC/C=C\C/C=C\C/C=C\C/C=C\CCCC(=O)Nc1ccc(O)cc1,IJBZOOZRAXHERC-DOFZRALJSA-N,,2
C=C(C)[C@H]1Cc2c(ccc3c2O[C@@H]2COc4cc(OC)c(OC)cc4C2C3=O)O1,JUVIOZPCNVVQFO-KDWTUPFUSA-N,,2
COCCn1c(=O)c(CCc2ccccc2)nc2cnc(Nc3cccc(OC)c3)nc21,OPXFMFKDCDSXAM-UHFFFAOYSA-N,,2
COc1ccc(Oc2ncc3nc(C)c(=O)n(Cc4cccc(OC)c4)c3n2)cc1,RXWYQEQAENZYKX-UHFFFAOYSA-N,,2
COc1cccc(Nc2ncc3nc(-c4cccs4)c(=O)n(C[C@H]4CCCO4)c3n2)c1,HQGHYHCUUKCRHP-MRXNPFEDSA-N,,2
Cn1cc(-c2nc3cnc(N4CCNCC4)nc3n(CCc3ccccc3)c2=O)c2ccccc21,SWQPPSIXYUDEOI-UHFFFAOYSA-N,,2
COc1ccccc1CNc1nc(-c2ccc(C(=O)N(C)C)cc2)nc2ccccc12,CYNCKEPMUMXTOI-UHFFFAOYSA-N,,2
COc1cccc(Cn2c(=O)c(-c3ccccc3)nc3cnc(OC)nc32)c1,GRSZGKWAPTURHP-UHFFFAOYSA-N,,2
COc1cccc(Nc2ncc3nc(-c4cc(F)cc(F)c4)c(=O)n(CCC#N)c3n2)c1,PRTKISAWUOHCGZ-UHFFFAOYSA-N,,2
COc1ccc(Oc2ncc3nc(CCc4ccccc4)c(=O)n(CCC#N)c3n2)cc1,YDRMYMRYFDFMFW-UHFFFAOYSA-N,,2
COc1ccc(Oc2ncc3nc(-c4ccccc4)c(=O)n(Cc4cccs4)c3n2)cc1,AEPAXENJNXMEQN-UHFFFAOYSA-N,,2
COc1ccc(-c2nc3cnc(OC)nc3n(Cc3cccc(OC)c3)c2=O)cc1,NMTXFMNCOFPEEI-UHFFFAOYSA-N,,2
COC(=O)[C@@]1(Cc2ccc(F)cc2)[C@H]2c3cc(C(=O)N(C)C)n(CC4CC4)c3C[C@H]2CN1C(=O)c1ccccc1,CROZHPCVDVVILK-RQFJBILSSA-N,,2
COC(=O)[C@@]1(Cc2ccccc2)[C@H]2c3cc(C(=O)N4CCCC4)n(Cc4nc5ccccc5[nH]4)c3C[C@H]2CN1C(=O)c1ccccc1,IDPVFTFXYCILAE-ITNKIYFISA-N,,2
Cc1cc(CNC(=O)C(C)[C@@H]2C[C@@]2(C)[C@@H](NC(=O)OCc2ccccc2)c2ccccc2)nn1C,HSLSZMIILKBKJJ-INTCKJDQSA-N,,2
CCNc1ncc2nc(-c3cn(C)c4ccccc34)c(=O)n(Cc3cccc(OC)c3)c2n1,HCYKSGWPEWZZJA-UHFFFAOYSA-N,,2
C/C(=C\C1CCCCC1)C(NC(=O)c1cccnc1)c1ccc(-c2ccccc2)cc1,DTBUUXNDAQUETK-XUTLUUPISA-N,,2
COc1cccc(Cn2c(=O)c(C)nc3cnc(Oc4ccccc4)nc32)c1,FPEHNUVOQMINHG-UHFFFAOYSA-N,,2
Cc1cc(C)c(S(=O)(=O)Nc2ccccc2C(F)(F)F)c(C)c1,SKJJIFRWCCSXGL-UHFFFAOYSA-N,,2
COc1ccc2[nH]cc(CCNc3ncnc4ccc(-c5ccc(C(=O)N(C)C)cc5)cc34)c2c1,HPZFCOFLSKFTOR-UHFFFAOYSA-N,,2
CN(C(=O)Cc1ccc(Cl)c(Cl)c1)[C@H](CN1CCCC1)c1ccccc1,AEJOEPSMZCEYJN-HXUWFJFHSA-N,,2
CC(C(=O)NCCc1c[nH]c2ccccc12)[C@@H]1C[C@@]1(C)[C@@H](NC(=O)OCc1ccccc1)c1ccccc1,UUWFXVCDGCPIOF-YQRKMOSMSA-N,,2
COc1cc(CC2C(=O)OC[C@@H]2Cc2ccc(OC)c(OC)c2)ccc1O,NQWVSMVXKMHKTF-VYRBHSGPSA-N,,2
COC(=O)[C@@]1(Cc2ccc(F)cc2)[C@H]2c3cc(C(=O)N4CCCC4)n(Cc4cccc5ccccc45)c3C[C@H]2CN1C(=O)c1ccccc1,CKSWJOLSMZPJMX-UFNKMUOBSA-N,,2
COC(=O)[C@@]1(Cc2ccc(F)cc2)[C@H]2c3cc(C(=O)N4CCCC4)n(Cc4ccccc4)c3C[C@H]2CN1C(=O)c1ccccc1,CKVKCJQMJFFFBC-OXSWOZIASA-N,,2
CCN(CC)C(=O)N[C@@H]1C=C2c3cccc4[nH]cc(c34)C[C@@H]2N(C)C1,BKRGVLQUQGGVSM-KDOFPFPSSA-N,,2
COc1ccc(-c2nc3cnc(N4CCNCC4)nc3n(Cc3cccc(OC)c3)c2=O)cc1,FSZXGAJMNDZPGZ-UHFFFAOYSA-N,,2
COC(=O)[C@@]1(Cc2ccc(F)cc2)[C@H]2c3cc(C(=O)N4CCCC4)n(Cc4cc(F)cc5c4OCOC5)c3C[C@H]2CN1C(=O)c1ccccc1,BFHYULQDPAECKI-ZTKNDDPJSA-N,,2
COc1cccc(Cn2c(=O)c(CCc3ccccc3)nc3cnc(N4CCNCC4)nc32)c1,DDYXTFBCRDALEK-UHFFFAOYSA-N,,2
COC(=O)[C@@]1(Cc2ccc(F)cc2)[C@H]2c3cc(C(=O)N(C)C)n(Cc4cccc5ccccc45)c3C[C@H]2CN1C(=O)c1ccccc1,IXYXBVVKZGFNMQ-UYCCPRBBSA-N,,2
Cc1ccc(CNC(=O)C2C[C@@H]2[C@H](NP(=O)(c2ccccc2)c2ccccc2)c2ccccc2)o1,AMEKFZSDKNRZRL-RSTHSURTSA-N,,2
COc1cc2c(cc1OC)C1C(=O)c3ccc4c(c3O[C@@H]1CO2)C=CC(C)(C)O4,ORDAZKGHSNRHTD-FIWHBWSRSA-N,,2
COC(=O)[C@@]1(Cc2ccc(F)cc2)[C@H]2c3cc(C(=O)N4CCCC4)n(CCF)c3C[C@H]2CN1C(=O)c1ccccc1,ILAMTDAWZKCEEX-RQFJBILSSA-N,,2
COC(=O)[C@@]1(Cc2ccc(F)cc2)[C@H]2c3cc(C(=O)N(C)C)n(Cc4ccc(C)o4)c3C[C@H]2CN1C(=O)c1ccccc1,NUMCRIOOLGEOTN-TUDCREIJSA-N,,2
COC(=O)[C@@]1(Cc2ccccc2)[C@H]2c3cc(C(=O)N4CCCC4)n(Cc4cccc5ccccc45)c3C[C@H]2CN1C(=O)c1ccccc1,LDQANAPODMVQGB-VSQVDDDNSA-N,,2
CN1CCN(c2ncc3nc(CCc4ccccc4)c(=O)n(CCc4ccccc4)c3n2)CC1,ZZVAYOCXKRUKNH-UHFFFAOYSA-N,,2
COC(=O)[C@@]1(Cc2ccccc2)[C@H]2c3cc(C(=O)N4CCCC4)n(Cc4ccc(C)o4)c3C[C@H]2CN1C(=O)c1ccccc1,ZXQYSJRODNIYMW-RZLLJLAESA-N,,2
Cc1cc(CNC(=O)C(C)[C@H]2C[C@]2(C)[C@H](NC(=O)OCc2ccccc2)c2ccccc2)nn1C,HSLSZMIILKBKJJ-CAZSOIEISA-N,,2
COC(=O)[C@@]1(Cc2ccc(F)cc2)[C@H]2c3cc(C(=O)N4CCCC4)n(Cc4ccccn4)c3C[C@H]2CN1C(=O)c1ccccc1,DOJUWAWLBGUOGH-IQGXZWDMSA-N,,2
COC(=O)[C@@]1(Cc2ccc(F)cc2)[C@H]2c3cc(C(=O)N4CCCC4)n(CCc4ccc(O)c(O)c4)c3C[C@H]2CN1C(=O)c1ccccc1,WEXOJPXJSPZJOL-ITNKIYFISA-N,,2
COC(=O)[C@@]1(Cc2ccc(OC)cc2)[C@H]2c3cc(C(=O)N(C)C)n(CCN4CNCC4=O)c3C[C@H]2CN1C(=O)c1ccccc1,AUVPCABMYCTSLL-TUDCREIJSA-N,,2
COCCn1c(C(=O)N2CCCC2)cc2c1C[C@H]1CN(C(=O)c3ccccc3)[C@@](Cc3ccc(F)cc3)(C(=O)OC)[C@@H]21,KFRNSSKSYNGVQA-PICNGLBESA-N,,2
COc1cccc(Cn2c(=O)c(-c3ccc(F)cc3)nc3cnc(N(C)C)nc32)c1,SOJNUTFIHNYGLC-UHFFFAOYSA-N,,2
COc1cccc(Cn2c(=O)c(-c3cc(F)cc(F)c3)nc3cnc(OC)nc32)c1,PBIXVDRQKNZCPY-UHFFFAOYSA-N,,2
CCCc1cc2c(n1Cc1ccc(OC)cc1)C(C)C1CN(C(=O)c3ccccc3)C(C)(C(=O)OC)C21,BGGXIFVLGQITFM-UHFFFAOYSA-N,,2
COc1ccc(Oc2ncc3ncc(=O)n(CCc4ccccc4)c3n2)cc1,REUXTPXUNKRNLX-UHFFFAOYSA-N,,2
COC(=O)[C@@]1(Cc2ccc(F)cc2)[C@H]2c3cc(C(=O)N(C)C)n(Cc4ccccn4)c3C[C@H]2CN1C(=O)c1ccccc1,IBPNPPBEPSSZPO-TUDCREIJSA-N,,2
COC(=O)[C@@]1(Cc2ccc(OC)cc2)[C@H]2c3cc(C(=O)N(C)C)[nH]c3C[C@H]2CN1C(=O)c1ccccc1,CEMTVRRJICNOAX-WYGIABMMSA-N,,2
COc1ccc(Oc2ncc3nc(-c4cccs4)c(=O)n(Cc4cccs4)c3n2)cc1,AWSFSJFODHIOFI-UHFFFAOYSA-N,,2
COc1cccc(Cn2c(=O)c(C)nc3cnc(Oc4cccc(Cl)c4)nc32)c1,BNBWGPORZJPMDH-UHFFFAOYSA-N,,2
COC(=O)[C@@]1(Cc2ccc(OC)cc2)[C@H]2c3cc(C(=O)N4CCCC4)n(CCc4c[nH]c5ccc(OC)cc45)c3C[C@H]2CN1C(=O)c1ccccc1,LPVXJDJLLYCXRF-FKLOLKIJSA-N,,2
COC(=O)[C@@]1(Cc2ccc(OC)cc2)[C@H]2c3cc(C(=O)N(C)C)n(Cc4cccc5ccccc45)c3C[C@H]2CN1C(=O)c1ccccc1,MOILRQCOJTVQJR-JVUNTEAGSA-N,,2
COC(=O)C1=C(C)N=C(C)C(C(=O)OCCN(C)Cc2ccccc2)[C@@H]1c1cccc([N+](=O)[O-])c1,UXVSDVSUISWXKD-XMMISQBUSA-N,,2
COc1cc(N)c(Cl)cc1C(=O)N[C@H]1CCN(CCCOc2ccc(F)cc2)C[C@@H]1OC,DCSUBABJRXZOMT-UNMCSNQZSA-N,,2
O=C(NCc1ccccc1)C1C[C@@H]1[C@H](NP(=O)(c1ccccc1)c1ccccc1)c1ccccc1,UFFCTWJAUYAWNT-ATQGWHGASA-N,,2
O=C1CC2(CCCC2)CC(=O)N1CCCCNC[C@H]1COc2ccccc2O1,HCVRCHQFYYZPHT-KRWDZBQOSA-N,,2
COC(=O)[C@@]1(Cc2ccc(F)cc2)[C@H]2c3cc(C(=O)N(C)C)n(Cc4ccc(Cl)c(C(F)(F)F)c4)c3C[C@H]2CN1C(=O)c1ccccc1,OSFBFCAYQHRCPU-YYBDPVNQSA-N,,2
COc1ccc(-n2c(=O)c(CCc3ccccc3)nc3cnc(N4CCOCC4)nc32)cc1,IJGNYDUQDVAFTM-UHFFFAOYSA-N,,2
COC(=O)[C@@]1(Cc2ccccc2)[C@H]2c3cc(C(=O)N(C)C)n(CCSCCO)c3C[C@H]2CN1C(=O)c1ccccc1,QAWXYGIIZFMCFN-RZBJZMOUSA-N,,2
COc1cccc(Cn2c(=O)c(-c3cccc(C#N)c3)nc3cnc(OC)nc32)c1,BOCSXTCFKPCWQV-UHFFFAOYSA-N,,2
COC(=O)[C@@]1(Cc2ccc(F)cc2)[C@H]2c3cc(C(=O)N(C)C)n(CCc4c[nH]c5ccc(OC)cc45)c3C[C@H]2CN1C(=O)c1ccccc1,MJSDISMBTXUMMO-ZZUNMJNSSA-N,,2
O=C(NCCc1c[nH]c2ccccc12)C1C[C@@H]1[C@H](NP(=O)(c1ccccc1)c1ccccc1)c1ccccc1,JAMBXNGZNZANBX-LIHWSVDJSA-N,,2
COC(=O)[C@@]1(Cc2ccc(F)cc2)[C@H]2c3cc(C(=O)N4CCCC4)n(Cc4c(CO)[nH]cc(C)c4=O)c3C[C@H]2CN1C(=O)c1ccccc1,PIKNRBQCPJAZAH-VKSKUSHNSA-N,,2
CC(C(=O)NCC1CC1)[C@H]1C[C@]1(C)[C@H](NC(=O)OCc1ccccc1)c1ccccc1,AABYLPRACHMDSN-REETXPBOSA-N,,2
Cc1ccc(CNC(=O)C(C)[C@H]2C[C@]2(C)[C@H](NC(=O)OCc2ccccc2)c2ccccc2)o1,SRNJFFZNRXKBLI-CAZSOIEISA-N,,2
COc1ccc(CNc2ccnc(-c3ccc(C(=O)N(C)C)cc3)n2)c(OC)c1,KHLSMKAEQABUGJ-UHFFFAOYSA-N,,2
COCCn1c(=O)c(-c2cc(F)cc(F)c2)nc2cnc(Nc3cccc(OC)c3)nc21,WAASFKHYBNOFHD-UHFFFAOYSA-N,,2
COC(=O)[C@@]1(Cc2ccc(OC)cc2)[C@H]2c3cc(C(=O)N4CCCC4)n(CCc4ccc(OC)c(Br)c4)c3C[C@H]2CN1C(=O)c1ccccc1,YEDBTYHFKGIALF-ZNIBHDIESA-N,,2
COC(=O)[C@@]1(Cc2ccc(F)cc2)[C@H]2c3cc(C(=O)N4CCCC4)n(CCO)c3C[C@H]2CN1C(=O)c1ccccc1,LRNHCUZSQWFFAZ-RQFJBILSSA-N,,2
COCCn1c(=O)c(-c2cn(C)c3ccccc23)nc2cnc(Oc3ccc(OC)cc3)nc21,XTEUFGPEIZSQEC-UHFFFAOYSA-N,,2
COC(=O)[C@@]1(Cc2ccc(F)cc2)[C@H]2c3cc(C(=O)N(C)C)n(CCSCCO)c3C[C@H]2CN1C(=O)c1ccccc1,UOESPDBFJAVUEY-RQFJBILSSA-N,,2
COC(=O)[C@@]1(Cc2ccccc2)[C@H]2c3cc(C(=O)N(C)C)n(Cc4ccc(O)c(OC)c4)c3C[C@H]2CN1C(=O)c1ccccc1,WNJMDHMMLDFHKS-IQGXZWDMSA-N,,2
COc1ccc(CNc2ncncc2-c2c(C)noc2C)c(OC)c1,BCBXEOYLBJJSRR-UHFFFAOYSA-N,,2
O=C(NCc1ccccn1)C1C[C@@H]1[C@H](NP(=O)(c1ccccc1)c1ccccc1)c1ccccc1,ZCAMSYWSXCHJFH-RSTHSURTSA-N,,2
CCCNC(=O)OC[C@@H]1O[C@H](CCO/N=C(\C)CCN2CCCCc3nc(C)c(C)cc32)C=C[C@@H]1Oc1ccc(OC)cc1,CORBIBGSYVZINP-IYZUJMMTSA-N,,2
COc1ccc(O[C@H]2C=C[C@@H](c3ccccc3)O[C@@H]2CO/N=C(\C)CCN2CCCCc3nc(C)c(C)cc32)cc1,TVSSYJBDUOSZDL-PYLKZTEQSA-N,,2
C/C(CCN1CCCCc2nc(C)c(C)cc21)=N\O[C@@H](C)CN1CCCCc2nc(C)c(C)cc21,PQCZLFZLWVVYDJ-JZRQUBEPSA-N,,2
CC(=O)OC[C@@H]1O[C@H](CCO/N=C(\C)CCN2CCCCc3nc(C)c(C)cc32)C=C[C@@H]1OC(C)=O,REPGTJHYAOBTFP-YKZUOCLRSA-N,,2
C/C(CCN1CCCc2nc(C)c(C)cc21)=N\OC[C@@H](O)COCc1ccco1,XXLAVZXJAXLCOS-QUESDIRFSA-N,,2
CCCNC(=O)OC[C@@H]1O[C@H](CCO/N=C(\C)CCN2CCCc3nc(C)c(C)cc32)C=C[C@@H]1Oc1ccc(OC)cc1,PKJOFEZKVJVZRS-ZOXDMVSLSA-N,,2
C/C(CCN1CCCc2nc(C)c(C)cc21)=N\O[C@@H](C)CN1CCCCc2nc(C)c(C)cc21,INEWYSBMTXAZSW-BMPDOFJVSA-N,,2
COc1ccc(O[C@H]2C=C[C@@H](c3ccccc3)O[C@@H]2CO/N=C(\C)CCN2CCCc3nc(C)c(C)cc32)cc1,RESCOTKXESVTGC-DXWMZQLYSA-N,,2
C/C(CCN1CCCCc2nc(C)c(C)cc21)=N\O[C@@H](C)c1cc(-c2c(C)cc(C)cc2C)no1,KVNQZVOXEZCBRJ-PECRYQBZSA-N,,2
Cc1cc2c(nc1C)CCCCN2C[C@H](C)O/N=C1/[C@H]2O[C@@H]2[C@@H](O)[C@H]2[C@H]1CCn1c(=O)n(-c3ccccc3)c(=O)n12,XAJOVYWRMNZYRH-CSOSROCHSA-N,,2
Cc1cc2c(nc1C)CCCCN2C[C@H](C)O/N=C\[C@@H](C)[C@H](OCc1ccccc1)C(C)C,POMNSWMVFMKXAI-CYUNMFRBSA-N,,2
COC(=O)[C@@]1(Cc2ccccc2)[C@H]2c3cc(C(=O)N4CCCC4)n(CCc4ccccn4)c3C[C@H]2CN1C(=O)c1ccccc1,SLXBZJQDAMXJIN-OXSWOZIASA-N,,2
COc1ccc(O[C@H]2C=C[C@@H](c3ccccc3)O[C@@H]2CO/N=C\[C@@H](C)[C@H](OCc2ccccc2)C(C)C)cc1,QOSIFTJTSFNDSR-LRQDMMFDSA-N,,2
CCCNC(=O)OC[C@@H]1O[C@H](CCO/N=C(\C)CCN2CCc3nc(CC)c(CC)cc3C2)C=C[C@@H]1Oc1ccc(OC)cc1,GWRCWJOHHUXSOM-BOCLRLRISA-N,,2
COC(=O)C/C=C\[C@@H](C)[C@@H](/C=N\OC[C@@H](C)[C@H](OCc1ccccc1)C(C)C)NS(=O)(=O)c1ccc(C)cc1,SRWAHIKTCGWLCB-AEXZJUAMSA-N,,2
COc1ccc(O[C@H]2C=C[C@@H](c3ccccc3)O[C@H]2CO/N=C2/c3cc(OC)ccc3O[C@@H](c3cccc(OC)c3)[C@H]2O)cc1,NIBMMBRHFAHQGP-HKKOGFEZSA-N,,2
CCCNC(=O)OC[C@@H]1O[C@H](CCO/N=C2\c3cc(OC)ccc3O[C@H](c3cccc(OC)c3)[C@H]2O)C=C[C@@H]1Oc1ccc(OC)cc1,HQKVNUOWAKPSMD-YVUFSYKSSA-N,,2
COc1cccc([C@H]2Oc3ccc(OC)cc3/C(=N\OCC[C@@H]3C=C[C@H](OC(C)=O)[C@H](COC(C)=O)O3)[C@@H]2O)c1,AWYUBIADNFJRGU-LHOAUUCHSA-N,,2
COc1cccc([C@@H]2Oc3ccc(OC)cc3/C(=N/O[C@@H](C)CN3CCCCc4nc(C)c(C)cc43)[C@@H]2O)c1,AOAWANZBETVPQK-OLONBWAZSA-N,,2
COc1cccc([C@@H]2Oc3ccc(OC)cc3/C(=N/O[C@@H](C)CN3CCCc4nc(C)c(C)cc43)[C@@H]2O)c1,OQCLWPPJNYTFNO-AHPXHXAKSA-N,,2
COc1cccc([C@@H]2Oc3ccc(OC)cc3/C(=N/OC[C@@H](O)COCc3ccco3)[C@@H]2O)c1,QJEQPAQTZONTCF-SOALBRGXSA-N,,2
COc1cccc([C@@H]2Oc3ccc(OC)cc3/C(=N/O[C@@H](C)c3cc(-c4c(C)cc(C)cc4C)no3)[C@@H]2O)c1,SAAFUEUREOWPNB-OLONBWAZSA-N,,2
COc1cccc([C@@H]2Oc3ccc(OC)cc3/C(=N/OC[C@@H](C)[C@H](OCc3ccccc3)C(C)C)[C@@H]2O)c1,AGYKIZAPQSUCMC-DZYQYECVSA-N,,2
CCCNC(=O)OC[C@H]1O[C@@H](CCO/N=C2/C[C@@H](O)[C@@H](O)[C@@H]3c4c(c(O)n(CC)c4O)CC[C@@H]23)C=C[C@@H]1Oc1ccc(OC)cc1,KEZUSBLUEVTGQA-PJYKTLMWSA-N,,2
CCCNC(=O)OC[C@@H]1O[C@H](CCO/N=C\[C@@H](C)[C@H](OCc2ccccc2)C(C)C)C=C[C@@H]1Oc1ccc(OC)cc1,SRCCUAUFCFBBMK-REKHPNNJSA-N,,2
Oc1c2c(c(O)n1Cc1ccc3c(c1)OCO3)[C@H]1[C@H](O)[C@H](O)C/C(=N/OC[C@@H](O)COCc3ccco3)[C@@H]1CC2,ZZJQDAZGPKITKU-YYUDMNHASA-N,,2
Oc1c2c(c(O)n1Cc1ccc3c(c1)OCO3)[C@H]1[C@H](O)[C@H](O)C/C(=N/OC[C@@H](O)COCc3ccco3)[C@H]1CC2,ZZJQDAZGPKITKU-XAMISLJSSA-N,,2
CC(C)=CCC/C(C)=C/CO/N=C1/C[C@@H](O)[C@@H](O)[C@@H]2c3c(c(O)n(Cc4ccc5c(c4)OCO5)c3O)CC[C@H]12,FTPXTQFPSRUHOG-KAKKYTNFSA-N,,2
C#CCCCO/N=C1/C[C@@H](O)[C@@H](O)[C@@H]2c3c(c(O)n(Cc4ccc5c(c4)OCO5)c3O)CC[C@H]12,LUMAEGQMBVNCRK-NVMVBVFYSA-N,,2
COc1ccc(COC(=O)N/N=C2/C[C@@H](O)[C@@H](O)[C@@H]3c4c(c(O)n(Cc5ccc6c(c5)OCO6)c4O)CC[C@H]23)cc1,JXJMTPYEVIDYFA-IOKQNDJUSA-N,,2
O=C(N/N=C1/C[C@@H](O)[C@@H](O)[C@@H]2c3c(c(O)n(Cc4ccc5c(c4)OCO5)c3O)CC[C@H]12)OCc1ccccc1,AEDPRUXGSIJLII-LFWZFBNASA-N,,2
C#CCCCO/N=C1/C[C@@H](O)[C@@H](O)[C@@H]2c3c(c(O)n(C4CCCCC4)c3O)CC[C@@H]12,CJVHHZGMFJPMNL-SJMHEZDMSA-N,,2
CC(C)(C)n1c(O)c2c(c1O)[C@H]1[C@H](O)[C@H](O)C/C(=N/OC[C@@H](O)COCc3ccco3)[C@@H]1CC2,PZAVNUZIWAAZSY-KNPBALOUSA-N,,2
COc1ccc(O[C@H]2C=C[C@@H](c3ccccc3)O[C@H]2COC(=O)CC/C(C)=N\OC[C@@H](C)[C@H](OCc2ccccc2)C(C)C)cc1,UDRCRRZXOHMYSW-YZLIZYLRSA-N,,2
C/C(CCC(=O)OC[C@@H]1O[C@H](C#Cc2ccccc2)C=C[C@@H]1Oc1ccc(C)cc1)=N/O[C@@H](C)CN1CCCc2nc(C)c(C)cc21,BTFDXXQOGDQFDC-MRRFWGAOSA-N,,2
C/C(CCC(=O)OC[C@@H]1O[C@H](C#Cc2ccccc2)C=C[C@@H]1Oc1ccc(C)cc1)=N/O[C@@H](C)CN1CCCCc2nc(C)c(C)cc21,HUTQEBDEWRDATM-QSIGRPEZSA-N,,2
CCCNC(=O)OC[C@@H]1O[C@H](CCO/N=C(\C)CCC(=O)OC[C@@H]2O[C@H](C#Cc3ccccc3)C=C[C@@H]2Oc2ccc(C)cc2)C=C[C@@H]1Oc1ccc(OC)cc1,UJGURXYEIYHFIT-FXOSCKNMSA-N,,2
C/C(CCN1CCCCc2nc(C)c(C)cc21)=N\OC[C@@H](O)COCc1ccco1,OWDMIQXDKRXXDK-HBTCSRNFSA-N,,2
COc1ccc(O[C@H]2C=C[C@@H](c3ccccc3)O[C@H]2COC(=O)CC/C(C)=N\O[C@@H](C)CN2CCCCc3nc(C)c(C)cc32)cc1,TYXAJBUJEACKIC-WDWJREJLSA-N,,2
COc1ccc(O[C@H]2C=C[C@@H](c3ccccc3)O[C@H]2COC(=O)CC/C(C)=N\O[C@@H](C)c2cc(-c3c(C)cc(C)cc3C)no2)cc1,FDMHRTFMPVLWHP-AUCQMXIJSA-N,,2
CO/N=C(/C)CCC(=O)OC[C@@H]1O[C@H](c2ccccc2)C=C[C@@H]1Oc1ccc(OC)cc1,GWQPYXSZVOGASI-VOYKCCRSSA-N,,2
COc1ccc(O[C@H]2C=C[C@@H](c3ccccc3)O[C@H]2CO/N=C(/C)CCC(=O)OC[C@@H]2O[C@H](c3ccccc3)C=C[C@@H]2Oc2ccc(OC)cc2)cc1,SMPLMVXDHOOJOJ-WCUHRCRCSA-N,,2
CCCNC(=O)OC[C@@H]1O[C@H](CCO/N=C(\C)CCC(=O)OC[C@@H]2O[C@H](c3ccccc3)C=C[C@@H]2Oc2ccc(OC)cc2)C=C[C@@H]1Oc1ccc(OC)cc1,SAWHRHMIGZCUFS-YZTXTRLJSA-N,,2
C/C(CCN1CCCc2nc(C)c(C)cc21)=N\O[C@@H](C)c1cn([C@H](CO)Cc2ccccc2)nn1,ZCSUYCHKAQUGEK-OJCBESBOSA-N,,2
COC(=O)C/C=C\[C@@H](C)[C@@H](/C=N\O[C@@H](C)c1cc(-c2c(C)cc(C)cc2C)no1)NS(=O)(=O)c1ccc(C)cc1,MQPHBYDSIHHOOX-NXEUXOIXSA-N,,2
COC(=O)C/C=C\[C@@H](C)[C@@H](/C=N\O[C@@H](C)CN1CCCCc2nc(C)c(C)cc21)NS(=O)(=O)c1ccc(C)cc1,FFINEZKLZBBAOO-MCFVQZBXSA-N,,2
COC(=O)C/C=C\[C@@H](C)[C@@H](/C=N\OC[C@@H]1O[C@H](c2ccccc2)C=C[C@@H]1Oc1ccc(OC)cc1)NS(=O)(=O)c1ccc(C)cc1,HSLRMGURMMEYOU-WCAVLGOJSA-N,,2
CCCNC(=O)OC[C@H]1O[C@@H](CCO/N=C\[C@@H](NS(=O)(=O)c2ccc(C)cc2)[C@H](C)/C=C\CC(=O)OC)C=C[C@@H]1Oc1ccc(OC)cc1,RSCIUJBNNCXFJQ-QOYSRXFJSA-N,,2
COC(=O)C1CC[C@H](C)[C@@H](c2ccc(C)cc2)N1C(=O)c1ccc(/C=N\OC[C@@H](C)[C@H](OCc2ccccc2)C(C)C)cc1,LCHZABJECGWLOQ-MBKAZULJSA-N,,2
C/C(CCN1CCCCc2nc(C)c(C)cc21)=N\O[C@@H](C)CN1CCCc2nc(C)c(C)cc21,CWWWDOXXCMHMKO-BMPDOFJVSA-N,,2
COc1ccc(O[C@H]2C=C[C@@H](c3ccccc3)O[C@H]2COC(=O)CC/C(C)=N\O[C@@H](C)CN2CCCc3nc(C)c(C)cc32)cc1,PNAIUOLUZFEAHT-XMMNFDSJSA-N,,2
CN(C(=O)CCCOc1ccc2[nH]c(=O)ccc2c1)C1CCCCC1,UIAYVIIHMORPSJ-UHFFFAOYSA-N,,2
CCOC(=O)Nc1ccc(NCc2ccc(F)cc2)nc1N,JUUFBMODXQKSTD-UHFFFAOYSA-N,,2
C[n+]1cc2c3c(ccc2c2ccc4cc5c(cc4c21)OCO5)OCO3,INVGWHRKADIJHF-UHFFFAOYSA-N,,2
CCCCCCCC/C=C\CCCCCCCC(=O)NCc1ccc(O)c(OC)c1,OPZKBPQVWDSATI-KHPPLWFESA-N,,2
O=C(c1ccc(F)cc1)C1CCN(CCn2c(=S)[nH]c3ccccc3c2=O)CC1,SMYALUSCZJXWHG-UHFFFAOYSA-N,,2
O=C(COc1ccc(Cl)cc1)N1CCN(Cc2ccc3c(c2)OCO3)CC1,BFUJHVVEMMWLHC-UHFFFAOYSA-N,,2
CCCCCCCCC(=O)NCc1ccc(O)c(OC)c1,RGOVYLWUIBMPGK-UHFFFAOYSA-N,,2
CN=C(NC#N)NCCSCc1csc(=NC(=N)N)[nH]1,YDDXVAXDYKBWDX-UHFFFAOYSA-N,,2
CC1(COc2ccc(Cc3sc(=O)[nH]c3O)cc2)CCCCC1,YNQLJZYIOAPXMU-UHFFFAOYSA-N,,2
CC(N)C(=O)OC(C)(C)Cc1ccc(Cl)cc1,FZSPJBYOKQPKCD-UHFFFAOYSA-N,,2
CC(=O)SCC(Cc1ccccc1)C(=O)NCC(=O)OCc1ccccc1,ODUOJXZPIYUATO-UHFFFAOYSA-N,,2
O=c1c(-c2ccc(O)cc2)coc2cc(O)cc(O)c12,TZBJGXHYKVUXJN-UHFFFAOYSA-N,,2
CCn1c(O)c2c(c1O)[C@H]1[C@H](O)[C@H](O)C/C(=N/O[C@@H](C)CN3CCCCc4nc(C)c(C)cc43)[C@@H]1CC2,KSHFDZWMWGRIPU-JAIGSRRCSA-N,,2
c1cc(CN2CCCCC2)cc(OCCCNc2nc3ccccc3s2)c1,KUBONGDXTUOOLM-UHFFFAOYSA-N,,2
C=CCN1C[C@H](C)N([C@H](c2ccc(C(=O)N(CC)CC)cc2)c2cccc(OC)c2)C[C@H]1C,KQWVAUSXZDRQPZ-UMTXDNHDSA-N,,2
NC(=O)c1nnn(Cc2cc(Cl)c(C(=O)c3ccc(Cl)cc3)c(Cl)c2)c1N,WNRZHQBJSXRYJK-UHFFFAOYSA-N,,2
CNCCCN1c2ccccc2CCc2ccccc21,HCYAFALTSJYZDH-UHFFFAOYSA-N,,2
CN[C@@H]1C[C@@H](c2ccc(Cl)c(Cl)c2)c2ccccc21,SVFXPTLYMIXFRX-XJKSGUPXSA-N,,2
Cc1ccc(S(=O)(=O)NC(Cc2ccccc2)C(=O)CCl)cc1,MQUQNUAYKLCRME-UHFFFAOYSA-N,,2
Clc1ccccc1CNCC1CCC(CNCc2ccccc2Cl)CC1,RZRPZWGIOOZIBE-UHFFFAOYSA-N,,2
COc1ccc(Sc2ccc(NC(=O)c3ccccc3Cl)cc2C#N)cc1,YZMLAJBOSVHFEW-UHFFFAOYSA-N,,2
CC(=O)NC(Cc1c[nH]c2ccccc12)C(=O)OCc1cc(C(F)(F)F)cc(C(F)(F)F)c1,BYYQYXVAWXAYQC-UHFFFAOYSA-N,,2
Clc1ccc2c(c1)N=C(N1CCNCC1)c1ccccc1N2,JNNOSTQEZICQQP-UHFFFAOYSA-N,,2
Cc1ccc2c(c1)C(=O)[C@@]1(O)CCN(c3ccccc3)C1=N2,LZAXPYOBKSJSEX-SFHVURJKSA-N,,2
Clc1ccc(COC(Cn2ccnc2)c2ccc(Cl)cc2Cl)c(Cl)c1,BYBLEWFAAKGYCD-UHFFFAOYSA-N,,2
FC(F)(F)c1ccccc1-n1ccnc1,WZBWBNCQUTXYEL-UHFFFAOYSA-N,,2
COc1ccc(-c2oc3cc(OC)ccc3c2C(=O)c2ccc(C#N)cc2)cc1,RYNSGDFWBJWWSZ-UHFFFAOYSA-N,,2
CCO[C@H](c1cc(OC)cc([N+](=O)[O-])c1OC)[C@H](C)/C=C\CC(=O)OC,FRENSWPRYDRYLT-IMKMYNEFSA-N,,2
CCCNC(=O)OC[C@@H]1O[C@H](CCO/N=C(\C)CCN2CCc3nc(-c4ccccc4)c(-c4ccccc4)cc3C2)C=C[C@@H]1Oc1ccc(OC)cc1,MRTIEDLPTXQBSF-DTIBNGPASA-N,,2
CCc1cc2c(nc1CC)CCN(CC/C(C)=N/O[C@@H](C)c1cc(-c3c(C)cc(C)cc3C)no1)C2,JLMGXXOJWVMRFD-JZRQUBEPSA-N,,2
C/C(CCN1CCc2nc(-c3ccccc3)c(-c3ccccc3)cc2C1)=N\O[C@@H](C)CN1CCCCc2nc(C)c(C)cc21,AMLSPZMXNWHYNG-XHIXVEKRSA-N,,2
CCCNC(=O)OC[C@@H]1O[C@H](CCO/N=C\[C@@H](OC)[C@H](C)/C=C\CC(=O)OC)C=C[C@@H]1Oc1ccc(OC)cc1,BPWPDBQKMAKHJI-PDCDXPNQSA-N,,2
COC(=O)C/C=C\[C@@H](C)[C@@H](/C=N\OC[C@@H]1O[C@H](c2ccccc2)C=C[C@@H]1Oc1ccc(OC)cc1)OC,MRMGKBRVRGAPJO-BXRPMBOUSA-N,,2
COC(=O)C/C=C\[C@@H](C)[C@@H](/C=N\O[C@@H](C)CN1CCCCc2nc(C)c(C)cc21)OC,AIEBPYISGPAQIU-GVVBTTHSSA-N,,2
CC1=C(/C=C/C(C)=C/C=C/C(C)=C/C(=O)Nc2ccc(O)cc2)C(C)(C)CCC1,AKJHMTWEGVYYSE-FXILSDISSA-N,,2
O=C1C[C@@H](c2ccc(O)cc2)Oc2cc(O)cc(O)c21,FTVWIRXFELQLPI-ZDUSSCGKSA-N,,2
CNCCCC12CCC(c3ccccc31)c1ccccc12,QSLMDECMDJKHMQ-UHFFFAOYSA-N,,2
Cc1c(OCC(F)(F)F)ccnc1C[S+]([O-])c1nc2ccccc2[nH]1,MJIHNNLFOKEZEW-UHFFFAOYSA-N,,2
C[C@@H]1CN(CCCn2c3ccccc3c3ccccc32)C[C@H](C)N1,GUDVQJXODNJRIJ-CALCHBBNSA-N,,2
COc1c2occc2cc2ccc(=O)oc12,QXKHYNVANLEOEG-UHFFFAOYSA-N,,2
COC(=O)C1=C(C)N=C(C)C(C(=O)OC(C)C)C1c1cccc2nonc12,CNXVIBRFWKALQW-UHFFFAOYSA-N,,2
O=C(Nc1ccc([N+](=O)[O-])cc1Cl)c1cc(Cl)ccc1O,RJMUSRYZPJIFPJ-UHFFFAOYSA-N,,2
CN1CCN(CCCN2c3ccccc3Sc3ccc(C(F)(F)F)cc32)CC1,ZEWQUBUPAILYHI-UHFFFAOYSA-N,,2
COc1cc2nc(N3CCN(C(=O)C4COc5ccccc5O4)CC3)nc(N)c2cc1OC,RUZYUOTYCVRMRZ-UHFFFAOYSA-N,,2
CC/C(=C(\c1ccccc1)c1ccc(OCCN(C)C)cc1)c1ccccc1,NKANXQFJJICGDU-QPLCGJKRSA-N,,2
CCN(CC)CCOCCOC(=O)C1(c2ccccc2)CCCC1,CFJMRBQWBDQYMK-UHFFFAOYSA-N,,2
COc1ccc2c(c1)C(=O)N(CCc1ccc(S(=O)(=O)NC(=O)NC3CCCCC3)cc1)C(=O)C2(C)C,LLJFMFZYVVLQKT-UHFFFAOYSA-N,,2
CNCCCCOc1ccccc1Cc1ccccc1,QSQQPMHPCBLLGX-UHFFFAOYSA-N,,2
CC[C@H](c1ccc(O)cc1)[C@@H](CC)c1ccc(O)cc1,PBBGSZCBWVPOOL-HDICACEKSA-N,,2
CC(C)(C)C(=O)OCOC(=O)C1N2C(=O)C(NC(=O)C(N)c3ccccc3)[C@H]2SC1(C)C,ZEMIJUDPLILVNQ-NRCYXERYSA-N,,2
CCN(CC)CCOC(=O)C(c1ccccc1)C1CCCCC1,AGJBLWCLQCKRJP-UHFFFAOYSA-N,,2
NC(Cc1ccc(N(CCCl)CCCl)cc1)C(=O)O,SGDBTWWWUNNDEQ-UHFFFAOYSA-N,,2
CC(C)CC1C(=O)N2CCC[C@@H]2[C@]2(O)O[C@](NC(=O)C3C=C4c5cccc6[nH]c(Br)c(c56)C[C@H]4N(C)C3)(C(C)C)C(=O)N12,OZVBMTJYIDMWIL-YKJQSKOWSA-N,,2
COC(=O)[C@@]1(Cc2ccc(OC)cc2)[C@H]2c3cc(C(=O)N4CCCC4)n(C[C@H](O)CO)c3C[C@H]2CN1C(=O)c1ccccc1,FMBUZPGJJBXISO-VQSQZBBWSA-N,,2
COc1ccc(Oc2ncc3nc(-c4cccc(C#N)c4)c(=O)n(Cc4cccc(OC)c4)c3n2)cc1,PZOGYHKCTRLYBU-UHFFFAOYSA-N,,2
Cc1cc(CNC(=O)C2C[C@@H]2[C@H](NP(=O)(c2ccccc2)c2ccccc2)c2ccccc2)nn1C,YYRIMQHQEDUOIG-RSTHSURTSA-N,,2
COC(=O)[C@@]1(Cc2ccc(OC)cc2)[C@H]2c3cc(C(=O)N(C)C)n(Cc4cc(C)n(C)n4)c3C[C@H]2CN1C(=O)c1ccccc1,FDBYTOSFTZVINO-ARROIKNCSA-N,,2
COCCn1c(C(=O)N2CCCC2)cc2c1C[C@H]1CN(C(=O)c3ccccc3)[C@@](Cc3ccccc3)(C(=O)OC)[C@@H]21,SVMVGSYJVLWQIE-FSBXTFKPSA-N,,2
COC(=O)[C@@]1(Cc2ccc(OC)cc2)[C@H]2c3cc(C(=O)N(C)C)n(C[C@H](O)CO)c3C[C@H]2CN1C(=O)c1ccccc1,VORXUAMSLLMUKO-KATWGWPHSA-N,,2
COCCNC(=O)C1C[C@@H]1[C@H](NP(=O)(c1ccccc1)c1ccccc1)c1ccccc1,GDOQUJVIGLIHIZ-QNRWSGHRSA-N,,2
COC(=O)[C@@]1(Cc2ccc(F)cc2)[C@H]2c3cc(C(=O)N4CCCC4)n(CCc4c[nH]c5ccccc45)c3C[C@H]2CN1C(=O)c1ccccc1,NUNHAEBTZDISGG-ZNIBHDIESA-N,,2
C[C@H]1CN(S(=O)(=O)c2cccc3cnccc23)CCN1,QGSCXAWTTISKLF-NSHDSACASA-N,,2
COC(=O)[C@@]1(Cc2ccc(OC)cc2)[C@H]2c3cc(C(=O)N(C)C)n(CCSCCO)c3C[C@H]2CN1C(=O)c1ccccc1,OZCAFAYFMLDEIC-PICNGLBESA-N,,2
C=C(CC1([C@@H](NP(=O)(c2ccccc2)c2ccccc2)[C@H]2C[C@@H]2CCN(C(=O)OCC)S(=O)(=O)c2ccc(C)cc2)CC1)c1ccccc1,VBYQSVIQXIMCFH-ZWGRPSGYSA-N,,2
COc1ccc(COC(=O)N/N=C2/C[C@@H](O)[C@@H](O)[C@@H]3c4c(c(O)n(Cc5ccc6c(c5)OCO6)c4O)CC[C@@H]23)cc1,JXJMTPYEVIDYFA-DUNWJFEYSA-N,,2
COc1ccccc1N1CCN(CCN(C(=O)C2CCCCC2)c2ccccn2)CC1,SBPRIAGPYFYCRT-UHFFFAOYSA-N,,2
O=C(NCc1ccccn1)C1C[C@H]1[C@@H](NP(=O)(c1ccccc1)c1ccccc1)c1ccccc1,ZCAMSYWSXCHJFH-UNQNHFTRSA-N,,2
Cc1ccccc1N1CCN(S(=O)(=O)C[C@@]23CC[C@H](C[C@H]2NC(=O)C(N)CCS(C)(=O)=O)C3(C)C)CC1,MWIASLNTAGRGGA-OVHLLZGYSA-N,,2
CCCCCCCCCC(=O)N[C@@H](CN1CCOCC1)[C@@H](O)c1ccccc1,UYNCFCUHRNOSCN-GMAHTHKFSA-N,,2
O=C(NCCF)C1C[C@@H]1[C@H](NP(=O)(c1ccccc1)c1ccccc1)c1ccccc1,JRGDRDWPHVXQOV-LIDAZEJRSA-N,,2
COC(=O)[C@@]1(Cc2ccc(OC)cc2)[C@H]2c3cc(C(=O)N4CCCC4)n(CCn4cc([N+](=O)[O-])nc4C)c3C[C@H]2CN1C(=O)c1ccccc1,PHZWYNNINWLPGC-BZZCMJIQSA-N,,2
Cc1cc(C)c(NC(=O)C[C@H](CC(=O)O)c2cccc3ccccc23)c(C(=O)N2CCC3(CCCC3)CC2)c1,MFOOVZCXWVAWOV-RUZDIDTESA-N,,2
CC(C)C1NC(=O)C(CCCCN)NC(=O)C(Cc2c[nH]c3ccccc23)NC(=O)C(Cc2ccc(O)cc2)NC(=O)C(C)N(C)C(=O)C(Cc2ccccc2)NC1=O,NPJIOCBFOAHEDO-UHFFFAOYSA-N,,2
COC(=O)[C@@]1(Cc2ccc(F)cc2)[C@H]2c3cc(C(=O)N4CCCC4)n(Cc4cc(C)n(C)n4)c3C[C@H]2CN1C(=O)c1ccccc1,QUIPPUFARGSQSD-IQGXZWDMSA-N,,2
COC(=O)[C@@]1(Cc2ccccc2)[C@H]2c3cc(C(=O)N(C)C)n(Cc4cc(C)n(C)n4)c3C[C@H]2CN1C(=O)c1ccccc1,HTAJVYSHVBBKFP-SNLOLGNNSA-N,,2
COC(=O)[C@@]1(Cc2ccccc2)[C@H]2c3cc(C(=O)N4CCCC4)n(CCSCCO)c3C[C@H]2CN1C(=O)c1ccccc1,VABYTUKHIXOLGX-XYJTYJFBSA-N,,2
CN(CCc1ccccn1)c1ccc2c(c1)C(=O)c1ccccc1-2,SVDZPIVNFBEDFQ-UHFFFAOYSA-N,,2
COC(=O)Cn1c(C(=O)N(C)C)cc2c1C[C@H]1CN(C(=O)c3ccccc3)[C@@](Cc3ccc(OC)cc3)(C(=O)OC)[C@@H]21,HWECQLRRCZDMJY-DISODBICSA-N,,2
COC(=O)[C@@]1(Cc2ccc(OC)cc2)[C@H]2c3cc(C(=O)N(C)C)n(Cc4ccc(O)c(OC)c4)c3C[C@H]2CN1C(=O)c1ccccc1,JWXGGWDICXSKTN-ZZSYSKQCSA-N,,2
CNC(=O)C1C[C@@H]1[C@H](NP(=O)(c1ccccc1)c1ccccc1)c1ccccc1,VNBARLAVIJEIDT-OCESARCHSA-N,,2
COC(=O)[C@@]1(Cc2ccc(OC)cc2)[C@H]2c3cc(C(=O)N(C)C)n(Cc4ccsc4Br)c3C[C@H]2CN1C(=O)c1ccccc1,BEQMQBKVIJYBRZ-QJEJCQPMSA-N,,2
COC(=O)[C@@]1(Cc2ccc(F)cc2)[C@H]2c3cc(C(=O)N4CCCC4)n(CCCNc4ncc(C(F)(F)F)cc4Cl)c3C[C@H]2CN1C(=O)c1ccccc1,YWTXJAZVXGPDGW-VKSKUSHNSA-N,,2
COC(=O)[C@@]1(Cc2ccc(OC)cc2)[C@H]2c3cc(C(=O)N(C)C)n(CCc4ccccn4)c3C[C@H]2CN1C(=O)c1ccccc1,KAQBCCLJBPLSGS-IQGXZWDMSA-N,,2
COc1cc(COc2cc(N)c(Cl)cc2C(=O)CCC2CCN(CCNS(C)(=O)=O)CC2)cc(OC)c1,BKVIWGRFRKLFIO-UHFFFAOYSA-N,,2
COC(=O)[C@@]1(Cc2ccc(OC)cc2)[C@H]2c3cc(C(=O)N(C)C)n(Cc4cc(F)c(F)c(F)c4)c3C[C@H]2CN1C(=O)c1ccccc1,OGHXKWWBLLCKHV-RLSJRWLLSA-N,,2
O=C(NCC1CC1)C1C[C@H]1[C@@H](NP(=O)(c1ccccc1)c1ccccc1)c1ccccc1,CIDCWYGJBMLXNV-ITNFAHLUSA-N,,2
COC(=O)[C@@]1(Cc2ccc(F)cc2)[C@H]2c3cc(C(=O)N(C)C)n(Cc4ccc(C)c(F)c4F)c3C[C@H]2CN1C(=O)c1ccccc1,LCNZCPVCFOQWCP-IQVNUPNUSA-N,,2
COC(=O)[C@@]1(Cc2ccc(OC)cc2)[C@H]2c3cc(C(=O)N(C)C)n(CCF)c3C[C@H]2CN1C(=O)c1ccccc1,QZDUQTKGCRWXCF-ZNOAHEKZSA-N,,2
COCCn1c(C(=O)N(C)C)cc2c1C[C@H]1CN(C(=O)c3ccccc3)[C@@](Cc3ccc(F)cc3)(C(=O)OC)[C@@H]21,ASFFHIMEVGKKEK-ZNOAHEKZSA-N,,2
COc1ccc(COC2OC[C@]3(C)[C@H]4C5=C(CN3C(=O)OC(C)(C)C)[C@H](C)C(CO)C(CO)C5CC[C@@H]24)cc1,IZTJVPYHINSTBW-LEGFIXJHSA-N,,2
CC(C(=O)Nc1ccc2ccccc2c1)[C@@H]1C[C@@]1(C)[C@@H](NS(=O)(=O)c1ccccc1)c1ccccc1,TXWWUPZFSFCKAH-SFYNQZHOSA-N,,2
COC(=O)[C@@]1(Cc2ccc(F)cc2)[C@H]2c3cc(C(=O)N(C)C)n(Cc4ccsc4Br)c3C[C@H]2CN1C(=O)c1ccccc1,DBKJYJADOGQARZ-DROLXJSCSA-N,,2
COC(=O)[C@@]1(Cc2ccccc2)[C@H]2c3cc(C(=O)N4CCCC4)n(Cc4ccc(C(F)(F)F)nc4)c3C[C@H]2CN1C(=O)c1ccccc1,CFYTWUSWOHHHLA-RZLLJLAESA-N,,2
COC(=O)[C@@]1(Cc2ccc(OC)cc2)[C@H]2c3cc(C(=O)N(C)C)n(CCc4c[nH]c5ccc(O)cc45)c3C[C@H]2CN1C(=O)c1ccccc1,BPXBWRRBGGJGIX-ZZUNMJNSSA-N,,2
COC(=O)[C@@]1(Cc2ccc(F)cc2)[C@H]2c3cc(C(=O)N(C)C)n(Cc4ccc(C(F)(F)F)nc4)c3C[C@H]2CN1C(=O)c1ccccc1,MHJLJKPDAHYJLW-TUDCREIJSA-N,,2
COCCn1c(C(=O)N2CCCC2)cc2c1C[C@H]1CN(C(=O)c3ccccc3)[C@@](Cc3ccc(OC)cc3)(C(=O)OC)[C@@H]21,WPGLOQCKSKHFNB-SNLOLGNNSA-N,,2
COC(=O)[C@@]1(Cc2ccc(OC)cc2)[C@H]2c3cc(C(=O)N(C)C)n(CCc4ccc(O)c(OC)c4)c3C[C@H]2CN1C(=O)c1ccccc1,RSYYJDDKKMHYJX-ITNKIYFISA-N,,2
CC(C(=O)Nc1ccc2ccccc2c1)[C@@H]1C[C@@]1(C)[C@@H](NC(=O)c1ccccc1)c1ccccc1,OBHPZGCUDBEXBJ-QJQZBQRQSA-N,,2
COC(=O)[C@@]1(Cc2ccc(OC)cc2)[C@H]2c3cc(C(=O)N4CCCC4)n(CCO)c3C[C@H]2CN1C(=O)c1ccccc1,KZKZYJUMDCTQPK-PICNGLBESA-N,,2
CC(C(=O)Nc1ccc2ccccc2c1)[C@H]1C[C@]1(C)[C@H](NS(=O)(=O)c1ccccc1)c1ccccc1,TXWWUPZFSFCKAH-YYZBCGORSA-N,,2
COC(=O)[C@@]1(Cc2ccccc2)[C@H]2c3cc(C(=O)N(C)C)n(Cc4ccccn4)c3C[C@H]2CN1C(=O)c1ccccc1,LHRDAYSQQHZXIP-SNLOLGNNSA-N,,2
COC(=O)[C@@]1(Cc2ccc(OC)cc2)[C@H]2c3cc(C(=O)N4CCCC4)n(Cc4cc(F)c(F)c(F)c4)c3C[C@H]2CN1C(=O)c1ccccc1,RUSVAUDQCUCAIP-VKSKUSHNSA-N,,2
O=C(NCC1CC1)C1C[C@@H]1[C@H](NP(=O)(c1ccccc1)c1ccccc1)c1ccccc1,CIDCWYGJBMLXNV-KCIKGWAESA-N,,2
COCCn1c(=O)c(-c2ccc(F)cc2)nc2cnc(Nc3cccc(OC)c3)nc21,OJDAIGZSBBSKGY-UHFFFAOYSA-N,,2
O=c1n(Cc2cc3c(cc2Cl)OCO3)c(=O)n2n1CC[C@H]1/C(=N\OC[C@@H](O)COCc3ccco3)[C@H]3O[C@@H]3[C@@H](O)[C@@H]12,DFKPBUZAUWTLJY-KVRHHBQGSA-N,,2
O=c1n(Cc2cc3c(cc2Cl)OCO3)c(=O)n2n1CC[C@H]1/C(=N\OCc3ccccc3)[C@H]3O[C@@H]3[C@@H](O)[C@@H]12,OFANGNFUSNKWLW-ICBRJBJWSA-N,,2
CC(C)CO/N=C1/[C@H]2O[C@@H]2[C@@H](O)[C@H]2[C@H]1CCn1c(=O)n(Cc3cc4c(cc3Cl)OCO4)c(=O)n12,XQGYPVYSJBOIOQ-LXUUIWEGSA-N,,2
O=C(/C=C/C=C/c1ccc2c(c1)OCO2)N1CCCCC1,MXXWOMGUGJBKIW-YPCIICBESA-N,,2
CC(=O)OC/C=C(C)/C=C/C=C(C)/C=C/C1=C(C)CCCC1(C)C,QGNJRVVDBSJHIZ-QHLGVNSISA-N,,2
COC(=O)C1[C@H]2C[C@@H]3c4[nH]c5cc(OC)ccc5c4CCN3C[C@H]2C[C@@H](OC(=O)c2cc(OC)c(OC)c(OC)c2)[C@@H]1OC,QEVHRUUCFGRFIF-QVNODVLKSA-N,,2
Nc1ccccc1C(=O)/C=C\c1ccc2c(c1)OCO2,OXADWIWBQNXZSM-ALCCZGGFSA-N,,2
COc1cccc(C2Oc3ccc(OC)cc3C(=O)C2O)c1,DCZXSNAFUJXMBY-UHFFFAOYSA-N,,2
COCOc1cc(OC)ccc1C(=O)/C=C\c1ccc2c(c1)OCO2,RXJXFVXIDAILKB-CLTKARDFSA-N,,2
COc1cc([C@@H]2c3cc4c(cc3[C@H](O)[C@H]3COC(=O)C23)OCO4)cc(OC)c1OC,YJGVMLPVUAXIQN-LLBQBPMSSA-N,,2
COCOc1ccc(Br)cc1C(=O)C1O[C@H]1c1cccc(OC)c1,SNVGYXYHKSVZLV-ZENAZSQFSA-N,,2
COc1cc(O)c(C(=O)/C=C\c2ccc3c(c2)OCO3)c(OC)c1,HAIRUBAWLBUWML-HYXAFXHYSA-N,,2
CN(CCc1ccccn1)c1ccc2c(c1)Cc1ccccc1-2,JLVXUVJNMZBXSS-UHFFFAOYSA-N,,2
Oc1c2c(c(O)n1Cc1ccc3c(c1)OCO3)[C@H]1[C@H](O)[C@H](O)C/C(=N/OCc3ccccc3)[C@H]1CC2,BCMWEFRKCAYACI-JICWRIAJSA-N,,2
CC(C)CO/N=C1/C[C@@H](O)[C@@H](O)[C@@H]2c3c(c(O)n(Cc4ccc5c(c4)OCO5)c3O)CC[C@H]12,ANWRLHXDBNQKMD-SXYILLPKSA-N,,2
N#CC(C(=N)Sc1ccc(N)cc1)c1ccccc1C(F)(F)F,XQRVCODIGHFXKQ-UHFFFAOYSA-N,,2
C#CCCCO/N=C1/C[C@@H](O)[C@@H](O)[C@@H]2c3c(c(O)n(Cc4ccccc4)c3O)CC[C@H]12,ZMKQUBSBYHVBNH-ZXDYXXIYSA-N,,2
C[C@H]1CCC2C(=O)NC(Cc3ccccc3)C(=O)N2[C@@H]1c1ccccc1,LCEPWRZCGOJERG-GRCLEANCSA-N,,2
C#CCCCO/N=C1/C[C@@H](O)[C@@H](O)[C@@H]2c3c(c(O)n([C@@H](C)c4ccccc4)c3O)CC[C@@H]12,GTCFUNMEMPJGPK-ZWQUJSQRSA-N,,2
CC(C)=CCC/C(C)=C/CO/N=C1/C[C@@H](O)[C@@H](O)[C@@H]2c3c(c(O)n([C@@H](C)c4ccccc4)c3O)CC[C@H]12,COGCPCNFUTUBIF-BFNKMDKUSA-N,,2
C#CCCCO/N=C1/C[C@@H](O)[C@@H](O)[C@@H]2c3c(c(O)n([C@@H](C)c4ccccc4)c3O)CC[C@H]12,GTCFUNMEMPJGPK-VIYNXPPXSA-N,,2
C#CCCCO/N=C1/C[C@@H](O)[C@@H](O)[C@@H]2c3c(c(O)n(Cc4ccc5c(c4)OCO5)c3O)CC[C@@H]12,LUMAEGQMBVNCRK-UYDOUYDOSA-N,,2
CC(C)=CCC/C(C)=C/CO/N=C1/C[C@@H](O)[C@@H](O)[C@@H]2c3c(c(O)n(Cc4ccc5c(c4)OCO5)c3O)CC[C@@H]12,FTPXTQFPSRUHOG-MGVMIDFCSA-N,,2
Oc1c2c(c(O)n1Cc1ccc3c(c1)OCO3)[C@H]1[C@H](O)[C@H](O)C/C(=N/OCc3ccccc3)[C@@H]1CC2,BCMWEFRKCAYACI-BMDWIMCXSA-N,,2
O=C(N/N=C1/C[C@@H](O)[C@@H](O)[C@@H]2c3c(c(O)n(Cc4ccc5c(c4)OCO5)c3O)CC[C@@H]12)OCc1ccccc1,AEDPRUXGSIJLII-CDNWINIESA-N,,2
Cc1ccc2[nH]c3nc4cccnc4cc3c2c1,KLYDOKUGPCXHKK-UHFFFAOYSA-N,,2
c1ccc2c(c1)-c1nc3ccccc3cc1[C@H]2N1CCOCC1,GCVZMKPZSVQVNL-FQEVSTJZSA-N,,2
Cc1ccc(Nc2nnc(-c3ccc4c(c3)OCO4)o2)c(C)c1,SWIUQBFXLZSMJW-UHFFFAOYSA-N,,2
O=C(/C=C\C=C/c1ccc2c(c1)OCO2)N1CCCCC1,MXXWOMGUGJBKIW-PORYWJCVSA-N,,2
C[C@]12CC[C@@H]3C(=CCc4cc(O)ccc43)[C@@H]1CCC2=O,WKRLQDKEXYKHJB-ZVZYQTTQSA-N,,2
CC(C)CO[C@H](c1ccc2c(c1)OCO2)[C@H](C)Br,ZLVMDWQCFMCCCO-HZMBPMFUSA-N,,2
CC(C)=C[C@H]1C(C(=O)OCc2cc3c(cc2Cl)OCO3)C1(C)C,KPMWGGRSOPMANK-HKALDPMFSA-N,,2
CC(C)=C[C@H]1[C@@H](COC(=O)c2cc3c(cc2Cl)OCO3)C1(C)C,AXLBVVLIPLJARG-QWHCGFSZSA-N,,2
CC(C)CC1C(=O)N2CCC[C@@H]2[C@@]2(O)O[C@](NC(=O)C3C=C4c5cccc6[nH]cc(c56)C[C@@H]4N(C)C3)(C(C)C)C(=O)N12,YDOTUXAWKBPQJW-PBZBGSMASA-N,,2
CCN(CC)C(=O)N[C@H]1C=C2c3cccc4[nH]cc(c34)C[C@@H]2N(C)C1,BKRGVLQUQGGVSM-KSSFIOAISA-N,,2
CC#C[C@@]1(O)CC[C@H]2C3=C(C4=C(CC3)CC(=O)CC4)C(c3ccc(N(C)C)cc3)C[C@]21C,BHZCGCMWEVHUBA-PMBHKHONSA-N,,2
CCN(CC)CCOC(=O)C(Cc1cccc2ccccc12)C[C@@H]1CCCO1,KBAFPSLPKGSANY-KEKNWZKVSA-N,,2
CC(C)(C)C(=O)C([C@@H](c1ccccc1)N1CCOCC1)N1CCOCC1,QZUIQRACPQHJJM-MRTLOADZSA-N,,2
O=C1C2=CCc3c(c(O)n(Cc4ccc5c(c4)OCO5)c3O)[C@@H]2[C@H](O)[C@@H]2OC12,DNVWSWBUBQYWLG-DXDGOQJESA-N,,2
Nc1ncnc2[nH]c(-c3ccc(C[P+](c4ccccc4)(c4ccccc4)c4ccccc4)cc3)nc12,GJZPZDIRYQLPCG-UHFFFAOYSA-N,,2
COc1ccc(CC2C(=O)NC(C)C(=O)N(C)C3C(=O)N(C)C(Cc4ccc(O)c(c4)Oc4ccc(cc4)[C@H]3O)C(=O)NC(C)C(=O)NC(C)C(=O)N2C)cc1,TWOWSRSKGJSZHZ-XVHLYNODSA-N,,2
COc1ccc(CC2C(=O)NC(C)C(=O)N(C)C3Cc4ccc(cc4)Oc4cc(ccc4O)CC(C(=O)NC(C)C(=O)NC(C)C(=O)N2C)N(C)C3=O)cc1,VXVGFMUNENQGFW-UHFFFAOYSA-N,,2
CN(C(=O)CN(CCO)CC(=O)N(C)C(C)(C)Cc1ccccc1)C(C)(C)Cc1ccccc1,FTLDJPRFCGDUFH-UHFFFAOYSA-N,,2
CCCCCCC1C(=O)O[C@H](C)C(NC(=O)c2cccc(NC=O)c2O)C(=O)O[C@@H](C)[C@H]1OC(=O)CC(C)C,UIFFUZWRFRDZJC-LQAFZFIFSA-N,,2
CC(C)c1c(CN(C)[C@@H](C)Cc2ccccc2)n(C)n(-c2ccccc2)c1=O,GNUXVOXXWGNPIV-IBGZPJMESA-N,,2
CCC(C)C(=O)O[C@@H]1C[C@H](C)C=C2C=C[C@H](C)[C@@H](CC[C@H]3C[C@@H](O)CC(=O)O3)[C@H]21,PCZOHLXUXFIOCF-PHPFVICGSA-N,,2
CCC(C)(C)C(=O)O[C@@H]1C[C@H](C)C=C2C=C[C@H](C)[C@@H](CC[C@H]3C[C@@H](O)CC(=O)O3)[C@H]21,RYMZZMVNJRMUDD-GQEOVNBMSA-N,,2
CO[C@@H]1C[C@H](O[C@@H]2C(C)C(=O)O[C@@H](C)[C@@H](C)[C@@H](OC(C)=O)C(C)C(=O)[C@@]3(CO3)C[C@@H](C)[C@@H](O[C@@H]3O[C@@H](C)C[C@@H](N(C)C)[C@@H]3OC(C)=O)[C@@H]2C)O[C@H](C)[C@@H]1OC(C)=O,LQCLVBQBTUVCEQ-YGLSHBAHSA-N,,2
COc1ccc(C[C@@H]2c3cc(OC)c(OC)cc3CC[N@+]2(C)CCC(=O)OCCCCCOC(=O)CC[N@@+]2(C)CCc3cc(OC)c(OC)cc3[C@H]2Cc2ccc(OC)c(OC)c2)cc1OC,YXSLJKQTIDHPOT-LJCJQEJUSA-N,,2
CCN(CCCCOC(=O)c1ccc(OC)c(OC)c1)C(C)Cc1ccc(OC)cc1,VYVKHNNGDFVQGA-UHFFFAOYSA-N,,2
CC[n+]1c(-c2ccccc2)c2cc(N)ccc2c2ccc(N)cc21,QTANTQQOYSUMLC-UHFFFAOYSA-O,,2
Cc1cc(Cl)nc2ccc(Cc3ccc4nc(Cl)cc(C)c4c3)cc12,RVHRUJSUMLKIHE-UHFFFAOYSA-N,,2
COc1cccc(-c2cc(NCCc3c[nH]c4ccc(OC)cc34)ncn2)c1,QRJBXWYXNWSUGD-UHFFFAOYSA-N,,2
COc1cccc(-c2cncnc2NCc2ccc(OC)cc2OC)c1,UZGCYUZSEIMXRE-UHFFFAOYSA-N,,2
COc1cccc(-c2nccc(N(C)Cc3ccco3)n2)c1,ZBNHPBUORRTCOI-UHFFFAOYSA-N,,2
CNc1nc(-c2ccc3c(c2)OCO3)nc2ccccc12,JUQUONHYJFAPCT-UHFFFAOYSA-N,,2
COCCn1c(=O)cnc2cnc(Nc3cccc(OC)c3)nc21,VNIFGPODEKABQZ-UHFFFAOYSA-N,,2
CN(Cc1ccco1)c1nc(-c2cccc(C#N)c2)nc2ccccc12,GLDVYORZZLDMMA-UHFFFAOYSA-N,,2
COc1ccc2[nH]cc(CCNc3ncncc3-c3ccc(N(C)C)cc3)c2c1,DBGGBZZVFXIECK-UHFFFAOYSA-N,,2
CCCC(=O)NCCc1c2n(c3ccc(OC)cc13)CCCc1ccccc1-2,SPIFQXPRSJKRAO-UHFFFAOYSA-N,,2
CN(C)c1ccc(-c2ccc3ncnc(N(C)C)c3c2)cc1,UBZNQOALRSZEOK-UHFFFAOYSA-N,,2
COc1ccccc1CNc1ncnc2ccc(-c3ccc(C(=O)N(C)C)cc3)cc12,FPSSHDGVWLFGKY-UHFFFAOYSA-N,,2
CN(C)c1nc(-c2ccc3c(c2)OCO3)nc2ccccc12,ZENKRLALRYRJSE-UHFFFAOYSA-N,,2
C=c1cc(C)[nH]c1=Cc1c(O)[nH]c2ccccc12,JGIFSQPBZMIFQM-UHFFFAOYSA-N,,2
O=c1c(CCc2ccccc2)nc2cnc(Nc3ccccc3)nc2n1C[C@H]1CCCO1,PPXDDUGYQNQBHS-HXUWFJFHSA-N,,2
COc1ccc2[nH]cc(CCNc3ncnc4ccc(-c5ccc6c(c5)OCO6)cc34)c2c1,AEAHYOFRSUJAJS-UHFFFAOYSA-N,,2
COc1ccc2[nH]cc(CCNc3ccnc(-c4ccc5c(c4)OCO5)n3)c2c1,FHNUHXIFOIMTOL-UHFFFAOYSA-N,,2
COc1cccc(-c2nc(NCCN3CCOCC3)c3ccccc3n2)c1,GYYFLYOVEUYNPY-UHFFFAOYSA-N,,2
Cc1cnc(CNc2ncnc3ccc(-c4ccc(N(C)C)cc4)cc23)cn1,JBTIXYZABMASJD-UHFFFAOYSA-N,,2
COc1cccc(-c2nccc(NCc3ccccc3OC)n2)c1,QIYJGDGJSIIILO-UHFFFAOYSA-N,,2
COc1ccccc1CNc1ncnc2ccc(-c3c(C)noc3C)cc12,JZOIHGXIINGYQR-UHFFFAOYSA-N,,2
Clc1ccccc1-c1nccc(NCCN2CCOCC2)n1,IXXGHQIWFRZYAB-UHFFFAOYSA-N,,2
COc1ncc2nc(CCc3ccccc3)c(=O)n(CCc3ccccc3)c2n1,FHIOJCIEMHTMTL-UHFFFAOYSA-N,,2
Cc1cnc(CNc2ncncc2-c2ccc3c(c2)OCO3)cn1,PHOXKAQJJHNVSM-UHFFFAOYSA-N,,2
Clc1ccccc1-c1ccc2ncnc(NCCN3CCOCC3)c2c1,FYJBUNRSXXWFPK-UHFFFAOYSA-N,,2
COc1cccc(-c2nc(NCc3cnc(C)cn3)c3ccccc3n2)c1,JPVLUPLFPPCVAQ-UHFFFAOYSA-N,,2
Cc1cccc(CNc2ncnc3ccc(-c4c(C)noc4C)cc23)c1,KBQBHEGYJAOYON-UHFFFAOYSA-N,,2
Cc1cccc(CNc2ncnc3ccc(-c4ccoc4)cc23)c1,DBTWZLIQIQEKBB-UHFFFAOYSA-N,,2
COc1ccc2[nH]cc(CCNc3cc(-c4ccc5c(c4)OCO5)ncn3)c2c1,MHOMKWXIZDGSNU-UHFFFAOYSA-N,,2
CN(C)c1ncc2nc(CCc3ccccc3)c(=O)n(C[C@H]3CCCO3)c2n1,QPNSUFNLXRDZNK-MRXNPFEDSA-N,,2
COc1ccc(CNc2ncncc2-c2ccccc2OC)c(OC)c1,HGRFORDIPQUPFN-UHFFFAOYSA-N,,2
CS(=O)(=O)Nc1cccc(-c2ccc3ncnc(NC4CC4)c3c2)c1,QVPKGYDQHRFNDU-UHFFFAOYSA-N,,2
COc1ccccc1-c1ccc2ncnc(NC3CC3)c2c1,VOGCHXDJNYQAEZ-UHFFFAOYSA-N,,2
COc1ccccc1CNc1ncncc1-c1ccc(N(C)C)cc1,ZQMPNVTWOMDQPE-UHFFFAOYSA-N,,2
CN(C)c1ccc(-c2ccc3ncnc(NCc4ccccc4)c3c2)cc1,RUQXKKVIBSBOED-UHFFFAOYSA-N,,2
COc1ccccc1CNc1ccnc(-c2ccoc2)n1,WPTWWDOXOVKZFO-UHFFFAOYSA-N,,2
COc1ccccc1-c1nc(NCc2cnc(C)cn2)c2ccccc2n1,NXJAAAAQVKWCEV-UHFFFAOYSA-N,,2
Cc1noc(C)c1-c1nc(NC2CC2)c2ccccc2n1,XCINVDNLCCXLLT-UHFFFAOYSA-N,,2
COc1cccc(-c2nc(NCCc3c[nH]c4ccc(OC)cc34)c3ccccc3n2)c1,HLCYIWXIGHWUSQ-UHFFFAOYSA-N,,2
COc1cccc(-c2ccc3ncnc(N(C)Cc4ccco4)c3c2)c1,XRFQRJXLBUIRJS-UHFFFAOYSA-N,,2
COc1cccc(Nc2ncc3ncc(=O)n(CCC#N)c3n2)c1,XBOMJAJPLPEHSF-UHFFFAOYSA-N,,2
COc1cccc(-c2nc(NC3CC3)c3ccccc3n2)c1,QVBIBGCQGHDTOQ-UHFFFAOYSA-N,,2
CN(Cc1ccco1)c1ncnc2ccc(-c3ccc4c(c3)OCO4)cc12,PBJIOVQCYBRCRK-UHFFFAOYSA-N,,2
COc1cc(OC)c(/C=C2/C(=O)Nc3ccccc32)c(OC)c1,JBJYTZXCZDNOJW-JLHYYAGUSA-N,,2
Cc1cccc(CNc2ncncc2-c2ccc3c(c2)OCO3)c1,BAXFJLFGZNSWBF-UHFFFAOYSA-N,,2
COc1ccc2[nH]c(I)c(CCNC(C)=O)c2c1,FJDDSMSDZHURBJ-UHFFFAOYSA-N,,2
CN(C)c1ccc(-c2ccc3ncnc(NC4CC4)c3c2)cc1,PPOUBOLTOFWIPX-UHFFFAOYSA-N,,2
c1ccc(Nc2ncnc3ccc(-c4ccc5c(c4)OCO5)cc23)cc1,PWFDNJJUEHURDK-UHFFFAOYSA-N,,2
COc1ccc(Oc2ncc3nc(-c4ccccc4)c(=O)n(C[C@H]4CCCO4)c3n2)cc1,UEGIMWFULJHODD-LJQANCHMSA-N,,2
CS(=O)(=O)Nc1cccc(-c2nc(NC3CC3)c3ccccc3n2)c1,WVFWHWUAJQNZON-UHFFFAOYSA-N,,2
COc1ccc2[nH]cc(CCNc3nc(-c4ccoc4)nc4ccccc34)c2c1,FGELOUNAQVPTSQ-UHFFFAOYSA-N,,2
COc1ccc2nc3c(c(-c4ccccc4)c2c1)CCC3,WPUYPSITBWQJGY-UHFFFAOYSA-N,,2
CN(Cc1ccco1)c1ncnc2ccc(-c3cccc(NS(C)(=O)=O)c3)cc12,WIDSZGSCOFPKSO-UHFFFAOYSA-N,,2
Cc1noc(C)c1-c1nccc(NC2CC2)n1,SHSPPHHPWGHIAE-UHFFFAOYSA-N,,2
Cc1cnc(CNc2ncnc3ccc(-c4ccc5c(c4)OCO5)cc23)cn1,ZYPDDDVHNCSAHH-UHFFFAOYSA-N,,2
COc1ccccc1CNc1ncncc1-c1ccc2c(c1)OCO2,FGGKTXOIFZTBKE-UHFFFAOYSA-N,,2
COc1ccccc1CNc1ncnc2ccc(-c3cccc(C#N)c3)cc12,JNXHXQYASIHEQE-UHFFFAOYSA-N,,2
COc1cccc(-c2nc(N(C)Cc3ccco3)c3ccccc3n2)c1,BUAZWNCFWAZJLD-UHFFFAOYSA-N,,2
COc1ccccc1-c1ccc2ncnc(N(C)Cc3ccco3)c2c1,MFHWEROTSMDMOG-UHFFFAOYSA-N,,2
COC(=O)c1ccc(C23CC2(C(NP(=O)(c2ccccc2)c2ccccc2)c2ccccc2)C3)cc1,NDNWTFXUTFHCEG-UHFFFAOYSA-N,,2
COc1ccc(CNc2ncnc3ccc(-c4cccnc4)cc23)c(OC)c1,LNAWZQPISHMMII-UHFFFAOYSA-N,,2
COc1cccc(Nc2ncc3ncc(=O)n(Cc4ccc(F)cc4)c3n2)c1,ZETUPHUEYQPSLR-UHFFFAOYSA-N,,2
COc1ccc2[nH]cc(CCNc3ccnc(-c4ccccc4Cl)n3)c2c1,FVYDRNYYOOKZSX-UHFFFAOYSA-N,,2
COc1ccccc1CNc1nc(-c2ccccc2OC)nc2ccccc12,QBUYNLCTDWCHPX-UHFFFAOYSA-N,,2
COc1cc2c(CCNC(C)=O)c[nH]c2cc1Cl,LUINDDOUWHRIPW-UHFFFAOYSA-N,,2
COc1ccccc1-c1ccc2ncnc(NCCN3CCOCC3)c2c1,BUKIMVPGUHWXQF-UHFFFAOYSA-N,,2
COc1cccc(Nc2ncc3nc(C)c(=O)n(-c4ccccc4)c3n2)c1,FRUSYUAARLNXAF-UHFFFAOYSA-N,,2
COc1ccc2[nH]cc(CCNc3nc(-c4cccnc4)nc4ccccc34)c2c1,BCNKHXGVUMZKQO-UHFFFAOYSA-N,,2
COc1cccc(-c2cncnc2NCc2ccccc2OC)c1,BHYZIPMUNVXSEO-UHFFFAOYSA-N,,2
CCNc1ncc2ncc(=O)n(Cc3cccc(OC)c3)c2n1,PIDKODIHWKDESE-UHFFFAOYSA-N,,2
COc1ccc2[nH]cc(CCNc3ncnc4ccc(-c5ccoc5)cc34)c2c1,SJVJITRWOMJEOI-UHFFFAOYSA-N,,2
CN(C)c1ccc(/C=C2/C(=O)Nc3ccccc32)cc1,UAKWLVYMKBWHMX-RVDMUPIBSA-N,,2
COc1ccccc1CNc1ncnc2ccc(-c3ccccc3OC)cc12,BKHXRNGRGPVNKF-UHFFFAOYSA-N,,2
COc1ccc2[nH]cc(CCNc3ncncc3-c3ccoc3)c2c1,UIUWSOROOZKWMI-UHFFFAOYSA-N,,2
CN(C)c1ccc(-c2ccc3ncnc(N(C)Cc4ccco4)c3c2)cc1,USOJHPWMWKKVNU-UHFFFAOYSA-N,,2
COc1ccccc1CNc1ccnc(-c2c(C)noc2C)n1,OZUUSWCXRCQDCO-UHFFFAOYSA-N,,2
COc1ccc2[nH]cc(CCNc3cc(-c4cccc(C#N)c4)ncn3)c2c1,DSXFWBBIPMUQDK-UHFFFAOYSA-N,,2
CN1Cc2ccccc2[C@@H]2c3cccc4[nH]cc(c34)C[C@H]21,WRNKIDLXXXIELU-IEBWSBKVSA-N,,2
COc1ccc(CNc2ccnc(-c3ccc(N(C)C)cc3)n2)c(OC)c1,UOZPFNQXMXADLU-UHFFFAOYSA-N,,2
CN(C)c1ccc(-c2cncnc2Nc2ccccc2)cc1,PRCJVNOOAOBQSW-UHFFFAOYSA-N,,2
c1ccc2c(NCCN3CCOCC3)nc(-c3ccc4c(c3)OCO4)nc2c1,VNGKUXSPWRYFLG-UHFFFAOYSA-N,,2
COc1cccc(-c2ccc3ncnc(N(C)C)c3c2)c1,CWAHEBLFACFUBY-UHFFFAOYSA-N,,2
COc1ccccc1CNc1ncnc2ccc(-c3ccc4c(c3)OCO4)cc12,KFEGGEZCDJISLX-UHFFFAOYSA-N,,2
COc1cccc(-c2nc(NCc3cccnc3)c3ccccc3n2)c1,FIGONFGVGMSPID-UHFFFAOYSA-N,,2
COc1ccc2[nH]cc(CCNc3ncncc3-c3ccc4c(c3)OCO4)c2c1,LXRGSBCXKYEARW-UHFFFAOYSA-N,,2
COc1cccc(-c2nccc(NCc3ccc(OC)cc3OC)n2)c1,RULIAUGJMVIUMH-UHFFFAOYSA-N,,2
COc1ccc(CNc2ncnc3ccc(-c4ccoc4)cc23)c(OC)c1,SAYDWYDBMRKGEW-UHFFFAOYSA-N,,2
COc1ccc(CNc2ccnc(-c3c(C)noc3C)n2)c(OC)c1,AIMHCBUYYJXOQQ-UHFFFAOYSA-N,,2
Cc1c(C)c(O)c(C=CCCC#CCCCC#CCO)c(C)c1O,YJJCOKZDOWPHHH-UHFFFAOYSA-N,,2
COc1cccc(Nc2ncc3nc(C)c(=O)n(CCC#N)c3n2)c1,CHYCPHNXHGMPBZ-UHFFFAOYSA-N,,2
CN(C)c1ccc(-c2cncnc2N(C)Cc2ccco2)cc1,FHJRWKYRXYSYAG-UHFFFAOYSA-N,,2
COc1ccccc1CNc1ccnc(-c2cccc(NS(C)(=O)=O)c2)n1,ARDHHDUGMFXQJG-UHFFFAOYSA-N,,2
COc1ccc(CNc2ccnc(-c3cccc(C#N)c3)n2)c(OC)c1,ZCBRGCWZOCBUAH-UHFFFAOYSA-N,,2
COc1ccccc1CNc1ncnc2ccc(-c3ccccc3C#N)cc12,ZSKAWWGVJNHUOM-UHFFFAOYSA-N,,2
Cc1cccc(CNc2ncnc3ccc(-c4cccc(NS(C)(=O)=O)c4)cc23)c1,AKJMINLXQHAFPX-UHFFFAOYSA-N,,2
CCCCC(=O)NCCc1c(Cc2ccccc2)[nH]c2ccccc12,HDOIPCLEKCEANF-UHFFFAOYSA-N,,2
COc1ccc2[nH]cc(CCNc3ncncc3-c3ccccc3Cl)c2c1,LIOLHDMAPXNVHF-UHFFFAOYSA-N,,2
COc1ccc(CNc2ncnc3ccc(-c4ccc5c(c4)OCO5)cc23)c(OC)c1,AYGHTCXPRYESOL-UHFFFAOYSA-N,,2
COc1ccccc1CNc1nc(-c2ccoc2)nc2ccccc12,AHWZAOPMZZOXQW-UHFFFAOYSA-N,,2
COc1cccc(-c2cc(NCc3ccccc3OC)ncn2)c1,MWWKSUWOTCVNTE-UHFFFAOYSA-N,,2
CN(Cc1ccco1)c1ncncc1-c1ccc2c(c1)OCO2,GXZWRFOYMNJVFA-UHFFFAOYSA-N,,2
COc1ccc(CNc2ccnc(-c3cccnc3)n2)c(OC)c1,SQFDXKPLFNUKOQ-UHFFFAOYSA-N,,2
COc1ccc2[nH]cc(CCNc3ccnc(-c4ccccc4C)n3)c2c1,MCAPNOGOMXHGJB-UHFFFAOYSA-N,,2
COc1ccc(CNc2ccnc(-c3ccccc3Cl)n2)c(OC)c1,XWNLYOCFWNAFLE-UHFFFAOYSA-N,,2
COc1ccc2[nH]cc(CCNc3ccnc(-c4c(C)noc4C)n3)c2c1,HXTODKAEIKGASN-UHFFFAOYSA-N,,2
CN(Cc1ccco1)c1nc(-c2ccc3c(c2)OCO3)nc2ccccc12,AJGHPYBNSXECNY-UHFFFAOYSA-N,,2
O=c1[nH]c2cc(Cl)ccc2o1,TZFWDZFKRBELIQ-UHFFFAOYSA-N,chlorzoxazone,2
COc1cc(N)c(Cl)cc1C(=O)N[C@H]1CCN(CCCOc2ccc(F)cc2)C[C@H]1OC,DCSUBABJRXZOMT-RBBKRZOGSA-N,cisapride,2
COC(=O)C(c1ccccc1Cl)N1CCc2sccc2C1,GKTWGGQPFAXNFI-UHFFFAOYSA-N,clopidogrel,2
Clc1ccccc1C(c1ccccc1)(c1ccccc1)n1ccnc1,VNFPBHJOKIVQEB-UHFFFAOYSA-N,clotrimazole,2
CN1CCN(C2=Nc3cc(Cl)ccc3Nc3ccccc32)CC1,QZUDBNBUXVUHMW-UHFFFAOYSA-N,clozapine,2
C/C=C/C[C@@H](C)[C@@H](O)C1C(=O)NC(CC)C(=O)N(C)CC(=O)N(C)C(CC(C)C)C(=O)NC(C(C)C)C(=O)N(C)C(CC(C)C)C(=O)NC(C)C(=O)NC(C)C(=O)N(C)C(CC(C)C)C(=O)N(C)C(CC(C)C)C(=O)N(C)C(C(C)C)C(=O)N1C,PMATZTZNYRCHOR-KMSBSJHKSA-N,cyclosporin-A,2
NNc1nnc(NN)c2ccccc12,VQKLRVZQQYVIJW-UHFFFAOYSA-N,dihydralazine,2
CN1CC(C(=O)N[C@]2(C)O[C@@]3(O)[C@@H]4CCCN4C(=O)C(Cc4ccccc4)N3C2=O)C[C@@H]2c3cccc4[nH]cc(c34)C[C@H]21,LUZRJRNZXALNLM-IPNFMWJESA-N,dihydroergotamine,2
COc1cccc2c(O)c3c(c(O)c12)C(=O)C1=C(C[C@@](O)(C(=O)CO)C[C@@H]1O[C@H]1C[C@H](N)[C@H](O)[C@H](C)O1)C3=O,XZTGINNGSQCYPR-TZSSRYMLSA-N,doxorubicine,2
O=C1Nc2ccc(Cl)cc2[C@@](C#CC2CC2)(C(F)(F)F)O1,XPOQHMRABVBWPR-ZDUSSCGKSA-N,efavirenz,2
CN1CCC[C@@H]1Cc1c[nH]c2ccc(CCS(=O)(=O)c3ccccc3)cc12,PWVXXGRKLHYWKM-LJQANCHMSA-N,eletriptan,2
CCOC(=O)C1=C(C)N=C(C)C(C(=O)OC)[C@@H]1c1cccc(Cl)c1Cl,HAQDEJPEAKWAAM-WUJWULDRSA-N,felodipine,2
COc1ccc(CNc2ccnc(-c3ccoc3)n2)c(OC)c1,XELANEAUUFFMIR-UHFFFAOYSA-N,,2
COc1ccc(Cl)cc1C(=O)NCCc1ccc(S(=O)(=O)NC(=O)NC2CCCCC2)cc1,ZNNLBTZKUZBEKO-UHFFFAOYSA-N,glyburide,2
COc1cc(C(C)=O)ccc1OCCCN1CCC(c2noc3cc(F)ccc23)CC1,XMXHEBAFVSFQEX-UHFFFAOYSA-N,iloperidone,2
Cc1ccc(NC(=O)c2ccc(CN3CCN(C)CC3)cc2)cc1Nc1nccc(-c2cccnc2)n1,KTUFNOKKBVMGRW-UHFFFAOYSA-N,imatinib,2
COC(=O)C1=C(C)N=C(C)C(C(=O)OC(C)C)[C@H]1c1cccc2nonc12,CNXVIBRFWKALQW-LYKKTTPLSA-N,isradipine,2
CC[C@H](C)n1ncn(-c2ccc(N3CCN(c4ccc(OC[C@H]5CO[C@](Cn6cncn6)(c6ccc(Cl)cc6Cl)O5)cc4)CC3)cc2)c1=O,VHVPQPYKVGDNFY-TUJWMRSMSA-N,itraconazole,2
OCCN(CCO)c1nc(N2CCCCC2)c2nc(N(CCO)CCO)nc(N3CCCCC3)c2n1,IZEKFCXSFNUWAM-UHFFFAOYSA-N,Dipyridamole,2
Cc1cccc(C)c1OCC(=O)N[C@@H](Cc1ccccc1)[C@@H](O)C[C@H](Cc1ccccc1)NC(=O)C(C(C)C)N1CCCNC1=O,KJHKTHWMRKYKJE-QZKHDZGUSA-N,lopinavir,2
Cc1ncc2n1-c1ccc(Cl)cc1C(c1ccccc1F)=NC2,DDLIGBOFAVUZHB-UHFFFAOYSA-N,midazolam,2
CN(c1nc(=O)cc[nH]1)C1CCN(c2nc3ccccc3n2Cc2ccc(F)cc2)CC1,PVLJETXTTWAYEW-UHFFFAOYSA-N,mizolastine,2
COC(=O)C1=C(C)N=C(C)C(C(=O)OC)C1c1ccccc1[N+](=O)[O-],OSUCQKNXQBPLDG-UHFFFAOYSA-N,nifedipine,2
CCOC(=O)C1=C(C)N=C(C)C(C(=O)OC)[C@@H]1c1cccc([N+](=O)[O-])c1,VVTJQHCRBOHFTD-WMCAAGNKSA-N,nitrendipine,2
CNCCC=C1c2ccccc2CCc2ccccc21,PHVGLTMQBUFIQQ-UHFFFAOYSA-N,nortriptyline,2
C#C[C@]1(O)C=C[C@H]2[C@@H]3CC=C4CC(=O)CCC4[C@H]3CC[C@@]21CC,PCGOZSMTJRCWQF-XZCODKSBSA-N,gestodene,2
COCCOC(=O)C1=C(C)N=C(C)C(C(=O)OC(C)C)C1c1cccc([N+](=O)[O-])c1,SVMHYHIZWOJKDL-UHFFFAOYSA-N,Nimodipine,2
Cc1nccn1CC1CCc2c(c3ccccc3n2C)C1=O,FELGMEQIXOGIFQ-UHFFFAOYSA-N,Ondansetron,2
O=C(c1ccc(OCCN2CCCCC2)cc1)c1c(-c2ccc(O)cc2)sc2cc(O)ccc12,GZUITABIAKMVPG-UHFFFAOYSA-N,Raloxifene,2
CCCC(C(=O)OCCN(CC)CC)(c1ccccc1)c1ccccc1,SNTQPLDRUZOSDP-UHFFFAOYSA-N,Skf-525a,2
CNC(=O)c1cc(Oc2ccc(NC(=O)Nc3ccc(Cl)c(C(F)(F)F)c3)cc2)ccn1,MLDQJTXFUGDVEO-UHFFFAOYSA-N,Sorafenib,2
Cc1c(C)c2c(c(C)c1O)CCC(C)(COc1ccc(Cc3sc(=O)[nH]c3O)cc1)O2,BJWJSFCBOIUATF-UHFFFAOYSA-N,Troglitazone,2
COc1ccc(CCN(C)CCCC(C#N)(c2ccc(OC)c(OC)c2)C(C)C)cc1OC,SGTNSNPWRIOYBX-UHFFFAOYSA-N,Verapamil,2
COc1cc(C(=O)NS(=O)(=O)c2ccccc2C)ccc1Cc1cn(C)c2ccc(NC(=O)OC3CCCC3)cc12,YEEZWCHGZNKEEK-UHFFFAOYSA-N,Zafirlukast,2
CCC(=O)N(c1ccccc1)C1(COC)CCN(CCn2nnn(CC)c2=O)CC1,IDBPHNDTYPBSNI-UHFFFAOYSA-N,alfentanil,2
Cc1[nH]cnc1CN1CCc2c(c3ccccc3n2C)C1=O,JSWZEAMFRNKZNL-UHFFFAOYSA-N,alosetron,2
COc1cccc([C@H]2Oc3ccc(OC)cc3/C(=N\O[C@@H]3O[C@H](COC(C)=O)[C@H](OC(C)=O)[C@H](OC(C)=O)[C@H]3OC(C)=O)[C@@H]2O)c1,AJQYLTPCKXXOGQ-AYRAGVBKSA-N,,2
Cc1oncc1C(=O)Nc1ccc(C(F)(F)F)cc1,VHOGYURTWQBHIL-UHFFFAOYSA-N,leflunomide,2
CCN(CC)CCOC(=O)C(Cc1cccc2ccccc12)CC1CCCO1,KBAFPSLPKGSANY-UHFFFAOYSA-N,Naftidrofuryl,2
COc1cc(C(=O)OCCCN2CCCN(CCCOC(=O)c3cc(OC)c(OC)c(OC)c3)CC2)cc(OC)c1OC,QVZCXCJXTMIDME-UHFFFAOYSA-N,,2
CN(C)CCCN1c2ccccc2Sc2ccc(Cl)cc21,ZPEIMTDSQAKGNT-UHFFFAOYSA-N,chlorpromazine,2
Cc1ccc(NC(=O)c2cccc(N(C)C)c2)cc1NC(=O)c1ccc(O)cc1,PYEFPDQFAZNXLI-UHFFFAOYSA-N,,2
CCOC(=O)C1=C(COCCN)N=C(C)C(C(=O)OC)C1c1ccccc1Cl,YMDXSGBNCBQYGC-UHFFFAOYSA-N,Amlodipine,2
CC(C)CN(C[C@@H](O)[C@H](Cc1ccccc1)NC(=O)O[C@H]1CCOC1)S(=O)(=O)c1ccc(N)cc1,YMARZQAQMVYCKC-OEMFJLHTSA-N,Amprenavir,2
Clc1ccc(Cn2c(CN3CCCC3)nc3ccccc32)cc1,CJXAEXPPLWQRFR-UHFFFAOYSA-N,Clemizole,2
CCCN(CCC)C(=O)Cc1c(-c2ccc(Cl)cc2)nc2ccc(Cl)cn12,JRTIDHTUMYMPRU-UHFFFAOYSA-N,alpidem,2
CC(C)(C#N)c1cc(Cn2cncn2)cc(C(C)(C)C#N)c1,YBBLVLTVTVSKRW-UHFFFAOYSA-N,anastrozole,2
CC(C)c1c(C(=O)Nc2ccccc2)c(-c2ccccc2)c(-c2ccc(F)cc2)n1CC[C@@H](O)C[C@@H](O)CC(=O)O,XUKUURHRXDUEBC-KAYWLYCHSA-N,atorvastatin,2
C=C(c1ccc(C(=O)O)cc1)c1cc2c(cc1C)C(C)(C)CCC2(C)C,NAVMQTYZDKMPEU-UHFFFAOYSA-N,bexarotene,2
COc1ccccc1Oc1c(NS(=O)(=O)c2ccc(C(C)(C)C)cc2)nc(-c2ncccn2)nc1OCCO,GJPICJJJRGTNOD-UHFFFAOYSA-N,bosentan,2
Cc1ccc(-c2cc(C(F)(F)F)nn2-c2ccc(S(N)(=O)=O)cc2)cc1,RZEKVGVHFLEQIL-UHFFFAOYSA-N,celecoxib,2
O=C1N(c2ccccc2)c2ccccc2C1(Cc1ccncc1)Cc1ccncc1,YEJCDKJIEMIWRQ-UHFFFAOYSA-N,,2
COc1ccccc1CNc1ccnc(-c2cccc(C#N)c2)n1,RSAAAHWIGXCRSH-UHFFFAOYSA-N,,2
COc1ccccc1CNc1ccnc(-c2ccc(N(C)C)cc2)n1,ANZQRJDEQQATQH-UHFFFAOYSA-N,,2
COc1ccc2[nH]cc(CCNc3cc(-c4ccccc4Cl)ncn3)c2c1,NBZCLJWXXZEGHO-UHFFFAOYSA-N,,2
c1ccc(Nc2ncncc2-c2ccc3c(c2)OCO3)cc1,WYSRMHQAJBKLBF-UHFFFAOYSA-N,,2
Cc1cccc(CNc2ccnc(-c3cccc(NS(C)(=O)=O)c3)n2)c1,PXSUXVMSRROECL-UHFFFAOYSA-N,,2
COc1ccc(CNc2ccnc(-c3ccc4c(c3)OCO4)n2)c(OC)c1,ZXWJMCLPUAIGTC-UHFFFAOYSA-N,,2
COc1cccc(-c2cncnc2NCCc2c[nH]c3ccc(OC)cc23)c1,OJTKHPQNRLMVLS-UHFFFAOYSA-N,,2
COc1cccc(Nc2ncc3nc(C)c(=O)n(C[C@H]4CCCO4)c3n2)c1,QUHZORDJQYUJFQ-OAHLLOKOSA-N,,2
CN(C)c1ccc(-c2cncnc2NCc2cccs2)cc1,YZFUYCIOXFJFIL-UHFFFAOYSA-N,,2
Oc1c2ccccc2c2c3c(cccc13)N=N2,KRIUNPBAQZGFQA-UHFFFAOYSA-N,,2
COc1ccc(Oc2ncc3nc(-c4ccccc4)c(=O)n(C4CC4)c3n2)cc1,AYDZBUWYWCGNIT-UHFFFAOYSA-N,,2
COc1cccc(-c2cncnc2NCc2cccc(C)c2)c1,XNSSUOANLXBKER-UHFFFAOYSA-N,,2
OCCN1CCN(CCCN2c3ccccc3Sc3ccc(Cl)cc32)CC1,RGCVKNLCSQQDEP-UHFFFAOYSA-N,perphenazine,2
c1csc(CNc2ccnc(-c3ccc4c(c3)OCO4)n2)c1,KMAOEZBKYCZOPD-UHFFFAOYSA-N,,2
COc1cccc(-c2cncnc2NCc2cccs2)c1,BHNGHXARKBYTKK-UHFFFAOYSA-N,,2
COc1ccc(CNc2ncncc2-c2ccoc2)c(OC)c1,CHVFXPFTSAHLOW-UHFFFAOYSA-N,,2
COCCn1c(=O)c(C)nc2cnc(Nc3cccc(OC)c3)nc21,OSSFIZQHIXDDLH-UHFFFAOYSA-N,,2
c1csc(CNc2nc(-c3ccc4c(c3)OCO4)nc3ccccc23)c1,NXGMHYBAVIPUDE-UHFFFAOYSA-N,,2
COc1cccc(Nc2ncc3ncc(=O)n(C[C@H]4CCCO4)c3n2)c1,MQEQOIBINLXTJW-CQSZACIVSA-N,,2
c1ccc(CNc2ncnc3ccc(-c4ccc5c(c4)OCO5)cc23)cc1,YNTITAOCSQPPEA-UHFFFAOYSA-N,,2
Cc1cccc(CNc2nc(-c3c(C)noc3C)nc3ccccc23)c1,IWFLBVWPEBTQRU-UHFFFAOYSA-N,,2
Cc1cccc(CNc2ncnc3ccc(-c4ccc5c(c4)OCO5)cc23)c1,KUOAPNBMHMTFAQ-UHFFFAOYSA-N,,2
COc1ccc2[nH]cc(CCNc3cc(-c4ccoc4)ncn3)c2c1,SPFCQIWQUQIQBH-UHFFFAOYSA-N,,2
Cc1cccc(CNc2nc(-c3ccc4c(c3)OCO4)nc3ccccc23)c1,OMQJAHMFLUOLBT-UHFFFAOYSA-N,,2
COc1ccccc1CNc1ncnc2ccc(-c3ccoc3)cc12,ADDQUXPFJFWRFB-UHFFFAOYSA-N,,2
N#Cc1ccccc1-c1ccc2ncnc(NC3CC3)c2c1,UJRIYRSTERRNNC-UHFFFAOYSA-N,,2
CC(C)c1cccc(C(C)C)c1O,OLBCVFGFOZPWHH-UHFFFAOYSA-N,propofol,2
CCOc1ccccc1O[C@H](c1ccccc1)[C@H]1CNCCO1,CBQGYUDMJHNJBX-RTBURBONSA-N,reboxetine,2
CCOc1cc(CC(=O)N[C@@H](CC(C)C)c2ccccc2N2CCCCC2)ccc1C(=O)O,FAEKWTJYAYMJKF-QHCPKHFHSA-N,repaglinide,2
CC(C)(C)NC(=O)C1C[C@@H]2CCCC[C@@H]2CN1C[C@@H](O)[C@H](Cc1ccccc1)NC(=O)C(CC(N)=O)NC(=O)c1ccc2ccccc2n1,QWAXKHKRTORLEM-PVCXOJBVSA-N,saquinavir,2
Cc1c(C)c(O)c(C(=CCCCCC(=O)O)c2ccccc2)c(C)c1O,RADRBZBLNXVQEU-UHFFFAOYSA-N,seratrodast,2
CN[C@H]1CC[C@@H](c2ccc(Cl)c(Cl)c2)c2ccccc21,VGKDLMBJGBXTGI-SJCJKPOMSA-N,sertaline,2
CCCc1nn(C)c2c(=O)[nH]c(-c3cc(S(=O)(=O)N4CCN(C)CC4)ccc3OCC)nc12,BNRNXUUZRGQAQC-UHFFFAOYSA-N,sildenafil,2
CCC(=O)N(c1ccccc1)C1(COC)CCN(CCc2cccs2)CC1,GGCSSNBKKAUURC-UHFFFAOYSA-N,sufentanil,2
CCOc1ccccc1OCCN[C@H](C)Cc1ccc(OC)c(S(N)(=O)=O)c1,DRHKJLXJIQTDTD-OAHLLOKOSA-N,tamsulosin,2
CCC[C@@]1(CCc2ccccc2)CC(=O)C([C@H](CC)c2cccc(NS(=O)(=O)c3ccc(C(F)(F)F)cn3)c2)C(=O)O1,MYXACKZCYFKMTE-JETRDCLMSA-N,tipranavir,2
COc1cc(NCc2ccc3nc(N)nc(N)c3c2C)cc(OC)c1OC,NOYPYLRCIDNJJB-UHFFFAOYSA-N,trimetrexate,2
COc1ccc(CCN(C)CCC[C@@](C#N)(c2ccc(OC)c(OC)c2)C(C)C)cc1OC,SGTNSNPWRIOYBX-MHZLTWQESA-N,verapamil,2
COc1ccc(S(=O)(=O)N2CCCC2C(=O)Nc2cc(C)cc(C)c2)cc1,NHPQGZOBHSVTAQ-UHFFFAOYSA-N,,2
CC(c1ncncc1F)[C@](O)(Cn1cncn1)c1ccc(F)cc1F,BCEHBSKCWLPMDN-YRQZNCJOSA-N,voriconazole,2
Oc1cc2cc(CCN3CCN(c4nsc5ccccc45)CC3)c(Cl)cc2[nH]1,CARRCRVKWDEWCD-UHFFFAOYSA-N,ziprasidone,2
CN(C)CCOC1=Cc2ccccc2Sc2ccc(Cl)cc21,HDOZVRUNCMBHFH-UHFFFAOYSA-N,zotepine,2
CC[C@@H]([C@H](C)O)n1ncn(-c2ccc(N3CCN(c4ccc(OC[C@@H]5CO[C@@](Cn6cncn6)(c6ccc(F)cc6F)C5)cc4)CC3)cc2)c1=O,RAGOYPUPXAKGKH-XAKZXMRKSA-N,,2
C[C@@H]1COCCN1c1cc(C2(S(C)(=O)=O)CC2)nc(-c2cccc3[nH]ccc23)n1,SCGCBAAYLFTIJU-CQSZACIVSA-N,,2
Cc1cc(N2CCOCC2)cc2[nH]c(-c3c(NC[C@@H](O)c4cccc(Cl)c4)cc[nH]c3=O)nc12,ZWVZORIKUNOTCS-OAQYLSRUSA-N,,2
COc1ccc(CNC(=O)c2cc(-c3cncc(C)c3)ncc2-c2nccs2)nc1OC,VSOUDUXMPUHJEU-UHFFFAOYSA-N,,2
Cc1cc2c(F)c(Oc3ncnn4cc(OC[C@@H](C)OC(=O)C(C)N)c(C)c34)ccc2[nH]1,LTEJRLHKIYCEOX-PUODRLBUSA-N,,2
CN(C)c1ccc(-c2nc3c(N4CCN(CC(=O)Nc5nccs5)CC4)c(Cl)cnc3[nH]2)cc1,QYKHWEFPFAGNEV-UHFFFAOYSA-N,,2
COC(=O)C1=C(C)N=C(C)C(C(=O)OCCN(C)Cc2ccccc2)C1c1cccc([N+](=O)[O-])c1,UXVSDVSUISWXKD-UHFFFAOYSA-N,,2
c1cn2cc(-c3ccc4c[nH]nc4c3)nc(Nc3ccc(N4CCOCC4)cc3)c2n1,XSMSNFMDVXXHGJ-UHFFFAOYSA-N,,2
Cc1cc(OCCN2CCOCC2)nn1-c1ccc2ccccc2c1,DGPGXHRHNRYVDH-UHFFFAOYSA-N,,2
CCC1=C[C@@H]2CN(C1)Cc1c([nH]c3ccccc13)[C@@](C(=O)OC)(c1cc3c(cc1OC)N(C)[C@H]1[C@@](O)(C(=O)OC)[C@H](OC(C)=O)[C@]4(CC)C=CCN5CC[C@]31[C@@H]54)C2,GBABOYUKABKIAF-IELIFDKJSA-N,vinorelbine,2
FC(F)(F)c1ccccc1-c1nc(NCCN2CCOCC2)c2ccccc2n1,MOJAYMGKXVBSRB-UHFFFAOYSA-N,,2
COc1ccc(Oc2ncc3nc(C)c(=O)n(C4CC4)c3n2)cc1,FHFMSPHMWJIMDZ-UHFFFAOYSA-N,,2
COc1ccc(CNc2ncnc3ccc(-c4cccc(C#N)c4)cc23)c(OC)c1,SJXZKHCCAZRTKV-UHFFFAOYSA-N,,2
CC(=O)NCCc1c(Cc2ccccc2)[nH]c2ccccc12,WVVXBPKOIZGVNS-UHFFFAOYSA-N,,2
COc1ccc(CNc2ncnc3ccc(-c4ccccc4OC)cc23)c(OC)c1,OSVZIASUYIZLLS-UHFFFAOYSA-N,,2
Cc1cccc(CNc2ncnc3ccc(-c4ccc(C(=O)N(C)C)cc4)cc23)c1,UHPNAZQXPRYSMC-UHFFFAOYSA-N,,2
COc1cccc(Cn2c(=O)cnc3cnc(OC)nc32)c1,AJSLMLWKZOJVSV-UHFFFAOYSA-N,,2
COc1ccc(Oc2ncc3ncc(=O)n(Cc4cccc(OC)c4)c3n2)cc1,HWPIPWZEGDERQZ-UHFFFAOYSA-N,,2
COc1ccc(CNc2ncnc3ccc(-c4c(C)noc4C)cc23)c(OC)c1,RAWGGWCJCVUCCV-UHFFFAOYSA-N,,2
CCNc1ncc2nc(-c3cn(C)c4ccccc34)c(=O)n(Cc3cccs3)c2n1,KBKLNWIBNAKHCL-UHFFFAOYSA-N,,2
COc1ccc2[nH]cc(CCNc3ccnc(-c4ccc(C(=O)N(C)C)cc4)n3)c2c1,JNANJIVLQNCSHM-UHFFFAOYSA-N,,2
CN(C)C(=O)c1ccc(-c2ccc3ncnc(NC4CC4)c3c2)cc1,AGIUXJHYRATCFR-UHFFFAOYSA-N,,2
COc1cccc(Cn2c(=O)c(C)nc3cnc(OC)nc32)c1,RLQWVYBVRNAQGS-UHFFFAOYSA-N,,2
COc1ccc(CNc2ccnc(-c3cccc(NS(C)(=O)=O)c3)n2)c(OC)c1,WFCZAWJYSJGUSN-UHFFFAOYSA-N,,2
COc1ccccc1CNc1ccnc(-c2ccc(C(=O)N(C)C)cc2)n1,ORXNFLXGOWYOON-UHFFFAOYSA-N,,2
FC(F)(F)c1ccccc1-c1nccc(NCCN2CCOCC2)n1,JZJWYPBMRXVJJB-UHFFFAOYSA-N,,2
COC(=O)[C@@]1(Cc2ccccc2)[C@H]2c3cc(C(=O)N(C)C)n(Cc4nc5ccccc5[nH]4)c3C[C@H]2CN1C(=O)c1ccccc1,WCPKDMOGNMLUCE-UADVTRIOSA-N,,2
COc1ccc(C(=O)c2c(C)n(CCN3CCOCC3)c3cc(I)ccc23)cc1,JHOTYHDSLIUKCJ-UHFFFAOYSA-N,,2
COc1ccc(CNc2ccnc(-c3ccccc3C(F)(F)F)n2)c(OC)c1,LHCDSAKFDXJKMH-UHFFFAOYSA-N,,2
COc1ccccc1CNc1ncncc1-c1cccc(NS(C)(=O)=O)c1,LTBKIRLSXQRIGY-UHFFFAOYSA-N,,2
COC(=O)[C@@]1(Cc2ccc(F)cc2)[C@H]2c3cc(C(=O)N(C)C)n(Cc4nc5ccccc5[nH]4)c3C[C@H]2CN1C(=O)c1ccccc1,SZKYXMGADDBVEG-YIZLEBNJSA-N,,2
CCNc1ncc2nc(CCc3ccccc3)c(=O)n(C3CC3)c2n1,YSDHFJKDYGUSHN-UHFFFAOYSA-N,,2
COc1ccc2[nH]cc(CCNc3nc(-c4ccc(C(=O)N(C)C)cc4)nc4ccccc34)c2c1,DMXRGUZEASKPKY-UHFFFAOYSA-N,,2
COc1ccc(Oc2ncc3nc(C)c(=O)n(Cc4cccs4)c3n2)cc1,PERALTUOAUXGIB-UHFFFAOYSA-N,,2
CC(=O)N[C@@H](c1ccccc1)[C@]1(C)C[C@H]1C(C)C(=O)Nc1ccc2ccccc2c1,CYCMCGJPKRYQDF-BUAOGKBKSA-N,,2
COCCn1c(=O)c(-c2ccc(OC)cc2)nc2cnc(Oc3ccc(OC)cc3)nc21,YNBSOKMIPWYFOA-UHFFFAOYSA-N,,2
COc1cccc(Nc2ncc3ncc(=O)n(Cc4cccs4)c3n2)c1,FNGWNQKKGATCCS-UHFFFAOYSA-N,,2
COc1ccc2[nH]cc(CCNc3cc(-c4ccccc4OC)ncn3)c2c1,DFPIDMUXWOBPBG-UHFFFAOYSA-N,,2
COc1ccc2[nH]cc(CCNc3ncncc3-c3cccc(NS(C)(=O)=O)c3)c2c1,DWAGCURLBJQSCC-UHFFFAOYSA-N,,2
COc1ccc(CNc2nc(-c3ccccc3OC)nc3ccccc23)c(OC)c1,YUCCRRLXXPGFFA-UHFFFAOYSA-N,,2
COc1ccc(CNc2cc(-c3ccoc3)ncn2)c(OC)c1,UTWJXCUHTXLQRD-UHFFFAOYSA-N,,2
COc1ccc(CNc2ncncc2-c2cccc(C#N)c2)c(OC)c1,ZZEABKJZGWFGAG-UHFFFAOYSA-N,,2
CN(C)c1cc2c(Nc3ccc4c(cnn4Cc4ccccc4)c3)ncnc2cn1,DYYZXRCFCVDSKD-UHFFFAOYSA-N,,2
COc1ccc(CNc2ncncc2-c2ccccc2Cl)c(OC)c1,NMEJQUCNDCJMAH-UHFFFAOYSA-N,,2
COc1cccc(Nc2ncc3nc(C)c(=O)n(C4CC4)c3n2)c1,XJOHUMISUWIGOA-UHFFFAOYSA-N,,2
CN(C)CCCn1cc(C2=C(c3c[nH]c4ccccc34)C(=O)NC2=O)c2ccccc21,QMGUOJYZJKLOLH-UHFFFAOYSA-N,,2
COc1ccc2[nH]cc(CCNc3ncncc3-c3cccc(C#N)c3)c2c1,KHUILZNAQAMDOM-UHFFFAOYSA-N,,2
CCCC[C@H]1C[C@@H]1[C@@H]1N(C(C)=O)[C@H](c2cccc(OC)c2)CC12CC2,IBWOTHQNCCAIFN-FIRPJDEBSA-N,,2
O=c1c(CCc2ccccc2)nc2cnc(N3CCNCC3)nc2n1Cc1cccs1,NNPIIUSCCIWRAP-UHFFFAOYSA-N,,2
COc1cccc(-c2ccc3ncnc(NCc4ccc(OC)cc4OC)c3c2)c1,CNOXMTLXQYVWRB-UHFFFAOYSA-N,,2
C[C@@](Cc1ccccc1)(NC(=O)CN)c1ccccc1,YSGASDXSLKIKOD-KRWDZBQOSA-N,,2
Cc1cnc(CNc2nc(-c3ccccc3C(F)(F)F)nc3ccccc23)cn1,MKUIMZKCTLFEPQ-UHFFFAOYSA-N,,2
COc1ccc2[nH]cc(CCNc3ncnc4ccc(-c5c(C)noc5C)cc34)c2c1,KJYBPECHSKYADV-UHFFFAOYSA-N,,2
COc1cccc(Nc2ncc3nc(CCc4ccccc4)c(=O)n(C[C@H]4CCCO4)c3n2)c1,JUCNEAUQSMPJAM-OAQYLSRUSA-N,,2
Cc1cccc(CNc2ncnc3ccc(-c4ccccc4C#N)cc23)c1,JIAHIRQZKOQHBI-UHFFFAOYSA-N,,2
COc1ccc2[nH]cc(CCNc3ncncc3-c3c(C)noc3C)c2c1,YUPPGBDMGUTLTO-UHFFFAOYSA-N,,2
Cc1cnc(CNc2nc(-c3cccc(NS(C)(=O)=O)c3)nc3ccccc23)cn1,FFIHPLFDTQQFOP-UHFFFAOYSA-N,,2
COc1cccc(Cn2c(=O)cnc3cnc(Nc4cccc(OC)c4)nc32)c1,FVDIJPBSGHAKDC-UHFFFAOYSA-N,,2
COc1ccc(CNc2ncncc2-c2cccc(NS(C)(=O)=O)c2)c(OC)c1,INXBGWGHPYAQQD-UHFFFAOYSA-N,,2
COc1ccc2[nH]cc(CCNc3ncnc4ccc(-c5cccc(C#N)c5)cc34)c2c1,LQYQKZPPVQHLLD-UHFFFAOYSA-N,,2
CCNc1ncc2nc(C)c(=O)n(Cc3cccc(OC)c3)c2n1,JTQZMEBREINHDO-UHFFFAOYSA-N,,2
COc1cccc(Nc2ncc3nc(-c4cccs4)c(=O)n(CCC#N)c3n2)c1,FTPBRPKGQWNJBU-UHFFFAOYSA-N,,2
COc1ccc(Oc2ncc3nc(-c4ccc(OC)cc4)c(=O)n(CCC#N)c3n2)cc1,BLVCUDHAADAALR-UHFFFAOYSA-N,,2
Cc1cnc(CNc2ncnc3ccc(-c4ccccc4C(F)(F)F)cc23)cn1,GLXDHXUBADQZIK-UHFFFAOYSA-N,,2
CNc1cc(OC)c(C(=O)N[C@@H]2CCN(Cc3ccccc3)[C@H]2C)cc1Cl,KRVOJOCLBAAKSJ-KBXCAEBGSA-N,,2
O=C1CC2(CCCC2)CC(=O)N1CCNC[C@H]1COc2ccccc2O1,BVMYCHKQPGEOSI-HNNXBMFYSA-N,,2
Cc1nc2cnc(Nc3ccccc3)nc2n(Cc2cccs2)c1=O,CXYIIIVMKSSYEB-UHFFFAOYSA-N,,2
COC(=O)N[C@H](c1ccccc1)[C@@]1(C)C[C@@H]1C(C)C(=O)Nc1ccc2ccccc2c1,JXVHJUZZJVAJIL-WILBJJRBSA-N,,2
COc1ccc(Oc2ncc3nc(-c4cn(C)c5ccccc45)c(=O)n(C4CC4)c3n2)cc1,OVSRTRIJGTXFBU-UHFFFAOYSA-N,,2
COc1ccc(CNc2ncncc2-c2ccc(C(=O)N(C)C)cc2)c(OC)c1,BUGPDHRXVIQYQH-UHFFFAOYSA-N,,2
COC(=O)[C@@]1(Cc2ccc(OC)cc2)[C@H]2c3cc(C(=O)N(C)C)n(CCc4ccc(OC)c(Br)c4)c3C[C@H]2CN1C(=O)c1ccccc1,LARSRNLZBNNPEQ-ITNKIYFISA-N,,2
COc1cccc(Cn2c(=O)cnc3cnc(Nc4ccccc4)nc32)c1,XFKAOVCSJQZYCY-UHFFFAOYSA-N,,2
COc1ccc(Oc2ncc3nc(CCc4ccccc4)c(=O)n(C[C@H]4CCCO4)c3n2)cc1,WDHGYUQIEDLFSR-OAQYLSRUSA-N,,2
CC(C(=O)N[C@@H](CO)Cc1ccccc1)[C@@H]1C[C@@]1(C)[C@@H](NC(=O)OCc1ccccc1)c1ccccc1,ACGNORVVGCXOJV-MQBOFBGISA-N,,2
COc1ccc(CNc2ncncc2-c2ccccc2C(F)(F)F)c(OC)c1,BWURKXKNKUNIAG-UHFFFAOYSA-N,,2
COc1cccc(Cn2c(=O)c(-c3ccccc3)nc3cnc(N(C)C)nc32)c1,SXBIVAHGNQZSFF-UHFFFAOYSA-N,,2
O=C(NCCc1c[nH]c2ccccc12)C1C[C@H]1[C@@H](NP(=O)(c1ccccc1)c1ccccc1)c1ccccc1,JAMBXNGZNZANBX-PGUDGJDMSA-N,,2
COc1cc2c(cc1OC)-c1cc3nc4ccccc4nc3n1C(C)(C)C2,HIXSPVQXXDULHS-UHFFFAOYSA-N,,2
CC(C(=O)NCC1CC1)[C@@H]1C[C@@]1(C)[C@@H](NC(=O)OCc1ccccc1)c1ccccc1,AABYLPRACHMDSN-BIWBPYCESA-N,,2
C=C(C)[C@H]1Cc2c(ccc3c2O[C@H]2COc4cc(OC)c(OC)cc4C2C3=O)O1,JUVIOZPCNVVQFO-DPVFXHEMSA-N,,2
COC(=O)[C@@]1(Cc2ccc(OC)cc2)[C@H]2c3cc(C(=O)N(C)C)n(Cc4nc5ccccc5[nH]4)c3C[C@H]2CN1C(=O)c1ccccc1,ZVRIKQGMBDIQQJ-UXCOJYHUSA-N,,2
C#CCN1C(C)=C(C(=O)CCO)[C@@H](c2cccc(-n3oo3)c2)C(C(=O)OC)=C1C,VNIMHBLANIQWNY-HXUWFJFHSA-N,,2
CC(C(=O)NCc1ccccn1)[C@H]1C[C@]1(C)[C@H](NC(=O)OCc1ccccc1)c1ccccc1,AHRCPCLEXQYEJS-CAZSOIEISA-N,,2
CN1CCc2cc3c(cc2[C@@H]1[C@@H]1OC(=O)c2c1ccc1c2OCO1)OCO3,IYGYMKDQCDOMRE-QZTJIDSGSA-N,,2
CC(C)c1cc(F)cc2c1C[C@](CCN(C)CCCc1nc3ccccc3[nH]1)(OC(=O)C1CC1)CC2,SYLIICYFBKGBKE-PMERELPUSA-N,,2
COc1cccc(Cn2c(=O)c(-c3ccc(F)cc3)nc3cnc(OC)nc32)c1,GMOWEVWIDPUNFM-UHFFFAOYSA-N,,2
COc1ccc2[nH]cc(CCNc3ncncc3-c3ccc(C(=O)N(C)C)cc3)c2c1,JIHMYQMFWAOMSG-UHFFFAOYSA-N,,2
COc1cccc(Cn2c(=O)c(CCc3ccccc3)nc3cnc(OC)nc32)c1,HISQMAUZTVMJJO-UHFFFAOYSA-N,,2
COC(=O)[C@@]1(Cc2ccc(F)cc2)[C@H]2c3cc(C(=O)N(C)C)n(CCc4ccc(OC)c(Br)c4)c3C[C@H]2CN1C(=O)c1ccccc1,UASPQOUICXEIES-ZZSYSKQCSA-N,,2
CCn1cnc2c(Nc3cccc(Cl)c3)nc(N[C@@H]3CCCC[C@H]3N)nc21,UTBSBSOBZHXMHI-HUUCEWRRSA-N,,2
COc1cccc(Nc2ncc3nc(-c4ccccc4)c(=O)n(C[C@H]4CCCO4)c3n2)c1,YUUJFZVJTACOIK-LJQANCHMSA-N,,2
COc1ccc(CNC(=O)C(C)[C@@H]2C[C@@]2(C)[C@@H](NC(=O)OCc2ccccc2)c2ccccc2)cc1OC,RIHPJAMHMFMAPP-YWOFYXMZSA-N,,2
COc1ccccc1CNc1ncncc1-c1ccc(C(=O)N(C)C)cc1,WIJZCUJSSWASCM-UHFFFAOYSA-N,,2
COc1ccc(CNc2ncnc3ccc(-c4cccc(NS(C)(=O)=O)c4)cc23)c(OC)c1,RPJOKHULJJNVQW-UHFFFAOYSA-N,,2
Cc1ccc(CNC(=O)C(C)[C@H]2C[C@]2(C)[C@H](NC(=O)OCc2ccccc2)c2ccccc2)c(F)c1F,UWUAUBSTHKQAQC-DJJASRLASA-N,,2
CCCCOC(=O)NS(=O)(=O)c1sc(CC(C)C)cc1-c1ccc(Cn2c(CC)nc3c(C)cc(C)nc32)cc1,RINPELQWLUGERM-UHFFFAOYSA-N,,2
COc1cccc(Cn2c(=O)c(-c3cccs3)nc3cnc(OC)nc32)c1,FNIZIGKWJGTDJC-UHFFFAOYSA-N,,2
COc1ccc(CNc2ncnc3ccc(-c4ccccc4C#N)cc23)c(OC)c1,UQXZAESEVWTGOU-UHFFFAOYSA-N,,2
CN1CCc2cc3c(cc2[C@@H]1c1c(O)oc2c4c(ccc12)OCO4)OCO3,BTOVFGCPMGFUNV-QGZVFWFLSA-N,,2
COc1cccc(CNc2ccc3nc(-c4ccc(N)cc4)c(OC)n3n2)c1,HQRHGSRWOHGIRI-UHFFFAOYSA-N,,2
Cc1ccc(CNC(=O)C(C)[C@@H]2C[C@@]2(C)[C@@H](NC(=O)OCc2ccccc2)c2ccccc2)o1,SRNJFFZNRXKBLI-INTCKJDQSA-N,,2
COCCn1c(=O)c(CCc2ccccc2)nc2cnc(Oc3ccc(OC)cc3)nc21,HFJUUHQPAHYNAU-UHFFFAOYSA-N,,2
Cc1ccc(CNC(=O)C(C)[C@@H]2C[C@@]2(C)[C@@H](NC(=O)OCc2ccccc2)c2ccccc2)c(F)c1F,UWUAUBSTHKQAQC-YGNBHVKESA-N,,2
O=C(Nc1ccc2ccccc2c1)C1C[C@@H]1[C@H](NP(=O)(c1ccccc1)c1ccccc1)c1ccccc1,JTUINJHDTNXECT-HRFHJXJKSA-N,,2
O=c1c(CCc2ccccc2)nc2cnc(N3CCNCC3)nc2n1CCc1ccccc1,FFHFOLPQDRCDSM-UHFFFAOYSA-N,,2
COC(=O)[C@@]1(Cc2ccc(OC)cc2)[C@H]2c3cc(C(=O)N4CCCC4)n(Cc4nc5ccccc5[nH]4)c3C[C@H]2CN1C(=O)c1ccccc1,PJIKXBHOCWDLSG-ZZUNMJNSSA-N,,2
CCNc1ncc2nc(-c3cccs3)c(=O)n(Cc3cccs3)c2n1,ABHJUZQJWKCQDG-UHFFFAOYSA-N,,2
CC(=O)N[C@H](c1ccccc1)[C@@]1(C)C[C@@H]1C(C)C(=O)Nc1ccc2ccccc2c1,CYCMCGJPKRYQDF-RHEQDMENSA-N,,2
COc1cccc(Nc2ncc3nc(C)c(=O)n(CCc4ccccc4)c3n2)c1,QYTHPTNFHVSQOA-UHFFFAOYSA-N,,2
CCNc1ncc2nc(-c3ccccc3)c(=O)n(Cc3cccc(OC)c3)c2n1,APEGOIROQZMVLL-UHFFFAOYSA-N,,2
COc1ccc2[nH]cc(CCNc3cc(-c4ccc(C(=O)N(C)C)cc4)ncn3)c2c1,XJRNVWNTDWNGGP-UHFFFAOYSA-N,,2
COc1ccc(C(=O)N2CCC[C@@]3(CCN(c4ccccn4)C3)C2)cc1,RDBLEXHTOJNYDY-NRFANRHFSA-N,,2
COc1cccc(Cn2c(=O)c(C)nc3cnc(Nc4cccc(OC)c4)nc32)c1,DKVNAGXTJUWVGQ-UHFFFAOYSA-N,,2
COc1ccc(CNc2nc(-c3cccc(NS(C)(=O)=O)c3)nc3ccccc23)c(OC)c1,KHKKOCRHGIRSQS-UHFFFAOYSA-N,,2
COc1ccccc1CNc1nc(-c2ccc3c(c2)OCO3)nc2ccccc12,GRJCQPUBLJCELA-UHFFFAOYSA-N,,2
COc1ccccc1CNc1ncnc2ccc(-c3ccc(N(C)C)cc3)cc12,VLNJFWRQSQKQRQ-UHFFFAOYSA-N,,2
COc1ccc(Oc2ncc3nc(-c4ccc(OC)cc4)c(=O)n(C4CC4)c3n2)cc1,SOGBWUGCTDSXCM-UHFFFAOYSA-N,,2
COc1ccc2[nH]cc(CCNc3nc(-c4ccc(N(C)C)cc4)nc4ccccc34)c2c1,CRHIFYPDAJPSLL-UHFFFAOYSA-N,,2
COc1cccc(-c2ccc3ncnc(NCCc4c[nH]c5ccc(OC)cc45)c3c2)c1,PETXLFQWICXLKY-UHFFFAOYSA-N,,2
COc1cccc(-c2cc(NCc3ccc(OC)cc3OC)ncn2)c1,RFKPNWRWMOIEHN-UHFFFAOYSA-N,,2
COc1ccc(CNc2cc(-c3ccccc3Cl)ncn2)c(OC)c1,QWZFAFMZDRSDKM-UHFFFAOYSA-N,,2
CN(C)c1ccc(-c2nc(N(C)Cc3ccco3)c3ccccc3n2)cc1,NYIAMZTVDFGSMO-UHFFFAOYSA-N,,2
COc1ccc2[nH]cc(CCNc3ccnc(-c4ccoc4)n3)c2c1,BUIPJAXBVPYADU-UHFFFAOYSA-N,,2
Cc1cnc(CNc2nc(-c3ccoc3)nc3ccccc23)cn1,LYNUOVZJAPOJPE-UHFFFAOYSA-N,,2
COc1ccc2[nH]cc(CCNc3ncncc3-c3ccccc3OC)c2c1,VHVYRHXPDKAXIW-UHFFFAOYSA-N,,2
COc1ccc(CNc2cc(-c3cccc(C#N)c3)ncn2)c(OC)c1,VRFJPKSDXDTARK-UHFFFAOYSA-N,,2
COc1ccc2[nH]cc(CCNc3ccnc(-c4ccccc4C(F)(F)F)n3)c2c1,ROFRCNHJUQZGTL-UHFFFAOYSA-N,,2
COc1ccc(CNc2nc(-c3cccnc3)nc3ccccc23)c(OC)c1,SJVJSPWKPCUULI-UHFFFAOYSA-N,,2
Clc1ccccc1-c1nc(NCCN2CCOCC2)c2ccccc2n1,PFGNAHWXWSMBLS-UHFFFAOYSA-N,,2
COc1ccccc1CNc1ncnc2ccc(-c3cccc(NS(C)(=O)=O)c3)cc12,AYQPDDHPUFPFIA-UHFFFAOYSA-N,,2
COc1cc(/C=C\c2ccc(OC)cc2OC)cc(OC)c1,JDBCWSHYEQUBLW-WAYWQWQTSA-N,,2
COc1cccc(-c2ccc3ncnc(NCCN4CCOCC4)c3c2)c1,DHVJKWYKFUQEMQ-UHFFFAOYSA-N,,2
COc1ccc(CNc2ccnc(-c3ccccc3OC)n2)c(OC)c1,CNLCEEFHXLHMIL-UHFFFAOYSA-N,,2
CN(Cc1ccco1)c1ncnc2ccc(-c3ccoc3)cc12,HPEXDGPTJGDENZ-UHFFFAOYSA-N,,2
COc1cccc(Cn2c(=O)cnc3cnc(OCc4ccccc4)nc32)c1,QQKQKCHRDPGHAL-UHFFFAOYSA-N,,2
COc1ccc2[nH]cc(CCNc3ncncc3-c3ccccc3C(F)(F)F)c2c1,QGNATZKTENVQDQ-UHFFFAOYSA-N,,2
COc1ccc(CNC(=O)C(C)[C@H]2C[C@]2(C)[C@H](NC(=O)OCc2ccccc2)c2ccccc2)cc1OC,RIHPJAMHMFMAPP-RSIJQCJCSA-N,,2
COc1ccc(CNc2cc(-c3ccccc3C)ncn2)c(OC)c1,DBZUUAZUDSUCCS-UHFFFAOYSA-N,,2
CC(C)[C@H](CO)Nc1nc(Nc2cc(N)cc(Cl)c2)c2ncn(C(C)C)c2n1,RAMROQQYRRQPDL-HNNXBMFYSA-N,,2
COc1cccc(-c2ccc3ncnc(NC4CC4)c3c2)c1,YBQNSQMWEYBTMA-UHFFFAOYSA-N,,2
COc1ccc2[nH]cc(CCNc3cc(-c4cccnc4)ncn3)c2c1,OEQBTQBMZJLFGU-UHFFFAOYSA-N,,2
CCCC(=O)NCCc1c2n(c3ccc(OC)cc13)Cc1ccccc1-2,RQYIUGOJQFWLAZ-UHFFFAOYSA-N,,2
COc1ccc(CNc2ncncc2-c2ccc(N(C)C)cc2)c(OC)c1,CRFKBHQGYXHOEV-UHFFFAOYSA-N,,2
CC(=O)NCCNc1nc(-c2ccc3c(c2)OCO3)nc2ccccc12,OLYXDHAIZGVERN-UHFFFAOYSA-N,,2
COc1ccc2[nH]cc(CCNc3ccnc(-c4ccc(N(C)C)cc4)n3)c2c1,PFNNBGXQHRVDSX-UHFFFAOYSA-N,,2
COc1cccc(Cn2c(=O)c(C)nc3cnc(N(C)C)nc32)c1,FNIXDKAFGBRKKO-UHFFFAOYSA-N,,2
CC(C(=O)Nc1ccc2ccccc2c1)[C@@H]1C[C@@]1(C)[C@@H](N)c1ccccc1,ZWMWNOXLPBMYMO-WSSQXNBJSA-N,,2
COc1cccc(-c2nc(NCc3ccccc3OC)c3ccccc3n2)c1,OSGUEGDQTDXPKW-UHFFFAOYSA-N,,2
COc1ccccc1CNc1ccnc(-c2ccc3c(c2)OCO3)n1,QHYCIZCVJLQRCS-UHFFFAOYSA-N,,2
COc1ccc(CNc2nc(-c3c(C)noc3C)nc3ccccc23)c(OC)c1,GZMTZUSNJFFPLJ-UHFFFAOYSA-N,,2
COc1cccc(Cn2c(=O)cnc3cnc(N4CCOCC4)nc32)c1,FKZMILDLRLTJJU-UHFFFAOYSA-N,,2
CN(C)c1ccc(-c2nc(NCc3cccnc3)c3ccccc3n2)cc1,BMEAWMCLBHWLHI-UHFFFAOYSA-N,,2
CN(C)c1ncc2nc(CCc3ccccc3)c(=O)n(CCc3ccccc3)c2n1,CWGRVBUIUPDCTE-UHFFFAOYSA-N,,2
COc1ccc2[nH]cc(CCNc3ccnc(-c4cccc(C#N)c4)n3)c2c1,WWGBIMKYQGLXPF-UHFFFAOYSA-N,,2
COc1ccccc1CNc1ccnc(-c2ccccc2OC)n1,UFLBCOFCKISYCT-UHFFFAOYSA-N,,2
O=c1c(CCc2ccccc2)nc2cnc(N3CCOCC3)nc2n1C[C@H]1CCCO1,GSTYVAHZDLGCBY-GOSISDBHSA-N,,2
Cc1noc(C)c1-c1nc(N(C)Cc2ccco2)c2ccccc2n1,WHKUIXXXHLWMPL-UHFFFAOYSA-N,,2
COc1ccccc1CNc1nc(-c2cccc(C#N)c2)nc2ccccc12,YADHTNSZCUWXNP-UHFFFAOYSA-N,,2
COc1cccc(-c2nccc(NCc3cnc(C)cn3)n2)c1,FTOGHBNAQJRVFK-UHFFFAOYSA-N,,2
COc1ccc2[nH]cc(CCNc3ncncc3-c3ccccc3C)c2c1,LEFSKDLSUQIMBU-UHFFFAOYSA-N,,2
CN(C)C(=O)c1ccc(-c2ccc3ncnc(N(C)Cc4ccco4)c3c2)cc1,MQJSHZZPRVCBLD-UHFFFAOYSA-N,,2
CN(C)S(=O)(=O)c1ccc2c(c1)C(=Cc1cc3c([nH]1)CCCC3)C(=O)N2,LOGJQOUIVKBFGH-UHFFFAOYSA-N,,2
COc1ccccc1CNc1nc(-c2c(C)noc2C)nc2ccccc12,PXEZALBLYXTSCR-UHFFFAOYSA-N,,2
COc1cccc(-c2ccc3ncnc(NCc4ccccc4OC)c3c2)c1,KQSBBOFNNSUBDG-UHFFFAOYSA-N,,2
COc1cccc(-c2ccc3ncnc(NCc4cnc(C)cn4)c3c2)c1,HWQKXWWKSLBGGN-UHFFFAOYSA-N,,2
COc1cccc(-c2nccc(NCCc3c[nH]c4ccc(OC)cc34)n2)c1,FPFRMESVMCSVRP-UHFFFAOYSA-N,,2
COc1cccc(-c2nc(NCc3ccc(OC)cc3OC)c3ccccc3n2)c1,HXNYBHRKWLONAF-UHFFFAOYSA-N,,2
CC(C)c1ccc(Cn2ccc3c4c(N)nc(NC5CC5)nc4ccc32)cc1,AVXQPEKZIGPIJW-UHFFFAOYSA-N,,2
COc1ccc2[nH]cc(CCNc3nc(-c4cccc(C#N)c4)nc4ccccc34)c2c1,ODQGYUFGQOBQKF-UHFFFAOYSA-N,,2
O=C(NCc1cccc2ccccc12)C1C[C@@H]1[C@H](NP(=O)(c1ccccc1)c1ccccc1)c1ccccc1,YKHNKRISIRHUEB-LJTKZVQESA-N,,2
CN(C)c1ccc(-c2cncnc2NCCN2CCOCC2)cc1,CMCQXKWIWIGENC-UHFFFAOYSA-N,,2
COc1ccc(CNC(=O)C2C[C@@H]2[C@H](NP(=O)(c2ccccc2)c2ccccc2)c2ccccc2)cc1OC,RTDUMXYNEMUTGW-NNNMJZHGSA-N,,2
COc1ccc(-c2nc3cnc(Nc4cccc(OC)c4)nc3n(CCC#N)c2=O)cc1,NGDZJXLIOJNNRM-UHFFFAOYSA-N,,2
Cc1cnc(CNc2nc(-c3ccc(N(C)C)cc3)nc3ccccc23)cn1,NMNAVBNHUYBLJI-UHFFFAOYSA-N,,2
COc1cccc(Nc2ncc3nc(-c4ccc(F)cc4)c(=O)n(CCC#N)c3n2)c1,OKZOGKYSMRVUSS-UHFFFAOYSA-N,,2
Cc1cnc(CNc2nc(-c3ccc4c(c3)OCO4)nc3ccccc23)cn1,WXZOCAAZKGNHEZ-UHFFFAOYSA-N,,2
COc1ccccc1CNc1ccnc(-c2ccccc2C(F)(F)F)n1,REZCMAUNHFSXNS-UHFFFAOYSA-N,,2
CCNc1ncc2nc(CCc3ccccc3)c(=O)n(CCC#N)c2n1,MZTHCPHJPIHVBW-UHFFFAOYSA-N,,2
COc1ccc(CNc2cc(-c3ccccc3OC)ncn2)c(OC)c1,AHZDWIPYNWUZFH-UHFFFAOYSA-N,,2
Cc1ccccc1-c1nc(NCCN2CCOCC2)c2ccccc2n1,LLPIDJXFHUUTPC-UHFFFAOYSA-N,,2
COc1ccc(CNc2nc(-c3ccoc3)nc3ccccc23)c(OC)c1,XILIZODGNZSFLH-UHFFFAOYSA-N,,2
COc1ccc(CNc2cc(-c3cccc(NS(C)(=O)=O)c3)ncn2)c(OC)c1,KNQKRKNBODYLAF-UHFFFAOYSA-N,,2
COc1ccc(CNc2ncncc2-c2ccc3c(c2)OCO3)c(OC)c1,WCYKQPXORCKWCA-UHFFFAOYSA-N,,2
COc1cccc(Nc2ncc3nc(C)c(=O)n(Cc4cccs4)c3n2)c1,FPFFTEAVCWFSKS-UHFFFAOYSA-N,,2
COc1ccc2[nH]cc(CCNc3ncnc4ccc(-c5ccccc5C#N)cc34)c2c1,UNUQJGDVJMRMAL-UHFFFAOYSA-N,,2
COc1ccc(CNc2ncncc2-c2ccccc2C)c(OC)c1,GAASFPWDJUNQGW-UHFFFAOYSA-N,,2
Cc1cnc(CNc2ncncc2-c2ccc(N(C)C)cc2)cn1,DLUJEJCUMFBYLX-UHFFFAOYSA-N,,2
COc1cccc(Cn2c(=O)c(-c3cccs3)nc3cncnc32)c1,XUVPUZLDMHOJHP-UHFFFAOYSA-N,,2
COc1cccc(Cn2c(=O)c(C)nc3cnc(N4CCOCC4)nc32)c1,XHUCKZSGJQGKGN-UHFFFAOYSA-N,,2
O=S1(=O)N(CCN2CC=C(c3c[nH]c4cc(F)ccc34)CC2)c2cccc3c2N1CCC3,BJIPVHLRWSDKOS-UHFFFAOYSA-N,,2
COc1ccccc1CNc1nc(-c2cccc(NS(C)(=O)=O)c2)nc2ccccc12,CRYPVBUFABUDFA-UHFFFAOYSA-N,,2
COc1ncc2nc(CCc3ccccc3)c(=O)n(Cc3cccs3)c2n1,QGPIDTWBSVGMIY-UHFFFAOYSA-N,,2
COc1ccc2[nH]c(-c3ccccc3)c(CCNC(C)=O)c2c1,OFCLARYYBGKCHN-UHFFFAOYSA-N,,2
COc1ncc2nc(-c3cn(C)c4ccccc34)c(=O)n(CCc3ccccc3)c2n1,QPLPFSZWBJAVGW-UHFFFAOYSA-N,,2
COc1ccc2[nH]cc(CCNc3nc(-c4c(C)noc4C)nc4ccccc34)c2c1,FIPOSBQHEUPAMD-UHFFFAOYSA-N,,2
COc1ccc2[nH]cc(CCNc3ncncc3-c3cccnc3)c2c1,YWDXTTPFBYGPIP-UHFFFAOYSA-N,,2
COc1ccc2[nH]cc(CCNc3cc(-c4ccccc4C(F)(F)F)ncn3)c2c1,JXHGRJGMIVLFGF-UHFFFAOYSA-N,,2
c1cncc(CNc2nc(-c3ccc4c(c3)OCO4)nc3ccccc23)c1,XYRSIIPMFTZWDA-UHFFFAOYSA-N,,2
COc1ccc(CNc2nc(-c3ccc4c(c3)OCO4)nc3ccccc23)c(OC)c1,WMRZCRRGWQURAJ-UHFFFAOYSA-N,,2
Cc1cccc(CNc2ncncc2-c2cccc(NS(C)(=O)=O)c2)c1,MDQCNVBCJVMATA-UHFFFAOYSA-N,,2
COc1ccc2[nH]cc(CCNc3ccnc(-c4cccnc4)n3)c2c1,CTMPBJZQZKMWCN-UHFFFAOYSA-N,,2
Cc1cnc(CNc2ncnc3ccc(-c4ccccc4C)cc23)cn1,UMTYOTUYKXEPIW-UHFFFAOYSA-N,,2
COc1cccc(Cn2c(=O)cnc3cnc(Oc4ccccc4)nc32)c1,YGZREONIMCYPEH-UHFFFAOYSA-N,,2
COc1ccc2[nH]cc(CCNc3cc(-c4ccccc4C)ncn3)c2c1,KNFWSOQBHLPKEI-UHFFFAOYSA-N,,2
CCCNC(=O)N1N=C(c2ccc(N)cc2)c2cc3c(cc2[C@H]1C)OCO3,OFUDZKKOKPGXOH-GFCCVEGCSA-N,,2
COc1ccc(CNc2nc(-c3cccc(C#N)c3)nc3ccccc23)c(OC)c1,REYYWBTXCRJPAL-UHFFFAOYSA-N,,2
COc1cccc(-c2cncnc2N(C)Cc2ccco2)c1,CSAZWYVKDTUCGS-UHFFFAOYSA-N,,2
Cc1cccc(CNc2nc(-c3cccc(NS(C)(=O)=O)c3)nc3ccccc23)c1,IRXUERLBHIFREV-UHFFFAOYSA-N,,2
COc1ccc2[nH]cc(CCNc3ncnc4ccc(-c5cccnc5)cc34)c2c1,GRMIDXUPMOYGMU-UHFFFAOYSA-N,,2
CCNc1ncc2nc(CCc3ccccc3)c(=O)n(C[C@H]3CCCO3)c2n1,AJGYXMZHCDLQBQ-MRXNPFEDSA-N,,2
C[C@@H]1Cc2cc3c(cc2C(c2ccc(N)cc2)=NN1)OCO3,AQTITSBNGSVQNZ-SNVBAGLBSA-N,,2
COc1ccc(CNc2ncnc3ccc(-c4ccc(N(C)C)cc4)cc23)c(OC)c1,OSFGDKNWVPYGBC-UHFFFAOYSA-N,,2
COc1ccc2[nH]cc(CCNc3nc(-c4ccccc4OC)nc4ccccc34)c2c1,UOWVXCMQXJHTQV-UHFFFAOYSA-N,,2
c1nc(NCCN2CCOCC2)c2cc(-c3ccc4c(c3)OCO4)ccc2n1,WCSKSSNIVMDLSF-UHFFFAOYSA-N,,2
O=C(c1ccc2c(c1)OCO2)N1CCCCC1,BXBNADAPIHHXJQ-UHFFFAOYSA-N,,2
COc1ccc2[nH]cc(CCNc3nc(-c4cccc(NS(C)(=O)=O)c4)nc4ccccc34)c2c1,XIIOZBGFXMOHDU-UHFFFAOYSA-N,,2
Cc1nc2cnc(Nc3ccccc3)nc2n(C2CC2)c1=O,HNMUOXBYMSVHJX-UHFFFAOYSA-N,,2
CN(C)c1ncnc2ccc(-c3ccc4c(c3)OCO4)cc12,RZZZGIDGUMFAEG-UHFFFAOYSA-N,,2
