Molecule ChEMBL ID,Molecule Name,Molecule Max Phase,Molecular Weight,#RO5 Violations,AlogP,Compound Key,Smiles,Standard Type,Standard Relation,Standard Value,Standard Units,pChEMBL Value,Data Validity Comment,Comment,Uo Units,Ligand Efficiency BEI,Ligand Efficiency LE,Ligand Efficiency LLE,Ligand Efficiency SEI,Potential Duplicate,Assay ChEMBL ID,Assay Description,Assay Type,BAO Format ID,BAO Label,Assay Organism,Assay Tissue ChEMBL ID,Assay Tissue Name,Assay Cell Type,Assay Subcellular Fraction,Assay Parameters,Assay Variant Accession,Assay Variant Mutation,Target ChEMBL ID,Target Name,Target Organism,Target Type,Document ChEMBL ID,Source ID,Source Description,Document Journal,Document Year,Cell ChEMBL ID,Properties,Action Type,Standard Text Value,CANONICAL_SMILES,INCHIKEY,dataset,data_type,action_type
CHEMBL839,CARTEOLOL,4.0,292.38,0.0,1.7,Carteolol,CC(C)(C)NCC(O)COc1cccc2c1CCC(=O)N2,Log 1/Km,'=',-1.843,,,,,,,,,,0,CHEMBL836230,log (1/Km) value for human liver microsome cytochrome P450 3A4,A,BAO_0000221,tissue-based format,Homo sapiens,CHEMBL3559723,Liver,,,,,,CHEMBL340,Cytochrome P450 3A4,Homo sapiens,SINGLE PROTEIN,CHEMBL1142817,1,Scientific Literature,Bioorg Med Chem Lett,2005,,,,,CC(C)(C)NCC(O)COc1cccc2c1CCC(=O)N2,LWAFSWPYPHEXKX-UHFFFAOYSA-N,CHEMBL1142817,assay,substrate
CHEMBL1423,PIMOZIDE,4.0,461.56,1.0,5.86,SID56422165,O=c1[nH]c2ccccc2n1C1CCN(CCCC(c2ccc(F)cc2)c2ccc(F)cc2)CC1,Log 1/Km,'=',-0.7559,,,,,,,,,,0,CHEMBL836230,log (1/Km) value for human liver microsome cytochrome P450 3A4,A,BAO_0000221,tissue-based format,Homo sapiens,CHEMBL3559723,Liver,,,,,,CHEMBL340,Cytochrome P450 3A4,Homo sapiens,SINGLE PROTEIN,CHEMBL1142817,1,Scientific Literature,Bioorg Med Chem Lett,2005,,,,,O=c1[nH]c2ccccc2n1C1CCN(CCCC(c2ccc(F)cc2)c2ccc(F)cc2)CC1,YVUQSNJEYSNKRX-UHFFFAOYSA-N,CHEMBL1142817,assay,substrate
CHEMBL114,SAQUINAVIR,4.0,670.86,1.0,3.09,Saquinavir,CC(C)(C)NC(=O)[C@@H]1C[C@@H]2CCCC[C@@H]2CN1C[C@@H](O)[C@H](Cc1ccccc1)NC(=O)[C@H](CC(N)=O)NC(=O)c1ccc2ccccc2n1,Log 1/Km,'=',0.4559,,,,,,,,,,0,CHEMBL836230,log (1/Km) value for human liver microsome cytochrome P450 3A4,A,BAO_0000221,tissue-based format,Homo sapiens,CHEMBL3559723,Liver,,,,,,CHEMBL340,Cytochrome P450 3A4,Homo sapiens,SINGLE PROTEIN,CHEMBL1142817,1,Scientific Literature,Bioorg Med Chem Lett,2005,,,,,CC(C)(C)NC(=O)C1C[C@@H]2CCCC[C@@H]2CN1C[C@@H](O)[C@H](Cc1ccccc1)NC(=O)C(CC(N)=O)NC(=O)c1ccc2ccccc2n1,QWAXKHKRTORLEM-PVCXOJBVSA-N,CHEMBL1142817,assay,substrate
CHEMBL389621,HYDROCORTISONE,4.0,362.47,0.0,1.78,Cortisol,C[C@]12CCC(=O)C=C1CC[C@@H]1[C@@H]2[C@@H](O)C[C@@]2(C)[C@H]1CC[C@]2(O)C(=O)CO,Log 1/Km,'=',-1.182,,,,,,,,,,0,CHEMBL836230,log (1/Km) value for human liver microsome cytochrome P450 3A4,A,BAO_0000221,tissue-based format,Homo sapiens,CHEMBL3559723,Liver,,,,,,CHEMBL340,Cytochrome P450 3A4,Homo sapiens,SINGLE PROTEIN,CHEMBL1142817,1,Scientific Literature,Bioorg Med Chem Lett,2005,,,,,C[C@]12CCC(=O)C=C1CC[C@@H]1[C@@H]2[C@@H](O)C[C@@]2(C)[C@H]1CC[C@]2(O)C(=O)CO,JYGXADMDTFJGBT-VWUMJDOOSA-N,CHEMBL1142817,assay,substrate
CHEMBL328250,ADINAZOLAM,2.0,351.84,0.0,3.33,Adinazolam,CN(C)Cc1nnc2n1-c1ccc(Cl)cc1C(c1ccccc1)=NC2,Log 1/Km,'=',-1.963,,,,,,,,,,0,CHEMBL836230,log (1/Km) value for human liver microsome cytochrome P450 3A4,A,BAO_0000221,tissue-based format,Homo sapiens,CHEMBL3559723,Liver,,,,,,CHEMBL340,Cytochrome P450 3A4,Homo sapiens,SINGLE PROTEIN,CHEMBL1142817,1,Scientific Literature,Bioorg Med Chem Lett,2005,,,,,CN(C)Cc1nnc2n1-c1ccc(Cl)cc1C(c1ccccc1)=NC2,GJSLOMWRLALDCT-UHFFFAOYSA-N,CHEMBL1142817,assay,substrate
CHEMBL108,CARBAMAZEPINE,4.0,236.27,0.0,3.39,Carbamazepine,NC(=O)N1c2ccccc2C=Cc2ccccc21,Log 1/Km,'=',-2.653,,,,,,,,,,0,CHEMBL836230,log (1/Km) value for human liver microsome cytochrome P450 3A4,A,BAO_0000221,tissue-based format,Homo sapiens,CHEMBL3559723,Liver,,,,,,CHEMBL340,Cytochrome P450 3A4,Homo sapiens,SINGLE PROTEIN,CHEMBL1142817,1,Scientific Literature,Bioorg Med Chem Lett,2005,,,,,NC(=O)N1c2ccccc2C=Cc2ccccc21,FFGPTBGBLSHEPO-UHFFFAOYSA-N,CHEMBL1142817,assay,substrate
CHEMBL629,AMITRIPTYLINE,4.0,277.41,0.0,4.17,Amitriptyline,CN(C)CCC=C1c2ccccc2CCc2ccccc21,Log 1/Km,'=',-1.841,,,,,,,,,,0,CHEMBL836230,log (1/Km) value for human liver microsome cytochrome P450 3A4,A,BAO_0000221,tissue-based format,Homo sapiens,CHEMBL3559723,Liver,,,,,,CHEMBL340,Cytochrome P450 3A4,Homo sapiens,SINGLE PROTEIN,CHEMBL1142817,1,Scientific Literature,Bioorg Med Chem Lett,2005,,,,,CN(C)CCC=C1c2ccccc2CCc2ccccc21,KRMDCWKBEZIMAB-UHFFFAOYSA-N,CHEMBL1142817,assay,substrate
CHEMBL549,CITALOPRAM,4.0,324.4,0.0,3.81,Citalopram,CN(C)CCCC1(c2ccc(F)cc2)OCc2cc(C#N)ccc21,Log 1/Km,'=',-2.455,,,,,,,,,,0,CHEMBL836230,log (1/Km) value for human liver microsome cytochrome P450 3A4,A,BAO_0000221,tissue-based format,Homo sapiens,CHEMBL3559723,Liver,,,,,,CHEMBL340,Cytochrome P450 3A4,Homo sapiens,SINGLE PROTEIN,CHEMBL1142817,1,Scientific Literature,Bioorg Med Chem Lett,2005,,,,,CN(C)CCCC1(c2ccc(F)cc2)OCc2cc(C#N)ccc21,WSEQXVZVJXJVFP-UHFFFAOYSA-N,CHEMBL1142817,assay,substrate
CHEMBL24646,PIMOBENDAN,2.0,334.38,0.0,3.1,Pimobendan,COc1ccc(-c2nc3cc(C4=NNC(=O)CC4C)ccc3[nH]2)cc1,Log 1/Km,'=',-2.402,,,,,,,,,,0,CHEMBL836230,log (1/Km) value for human liver microsome cytochrome P450 3A4,A,BAO_0000221,tissue-based format,Homo sapiens,CHEMBL3559723,Liver,,,,,,CHEMBL340,Cytochrome P450 3A4,Homo sapiens,SINGLE PROTEIN,CHEMBL1142817,1,Scientific Literature,Bioorg Med Chem Lett,2005,,,,,COc1ccc(-c2nc3cc(C4=NNC(=O)CC4C)ccc3[nH]2)cc1,GLBJJMFZWDBELO-UHFFFAOYSA-N,CHEMBL1142817,assay,substrate
CHEMBL115,INDINAVIR,4.0,613.8,1.0,2.87,Indinavir,CC(C)(C)NC(=O)[C@@H]1CN(Cc2cccnc2)CCN1C[C@@H](O)C[C@@H](Cc1ccccc1)C(=O)N[C@H]1c2ccccc2C[C@H]1O,Log 1/Km,'=',-0.1139,,,,,,,,,,0,CHEMBL836230,log (1/Km) value for human liver microsome cytochrome P450 3A4,A,BAO_0000221,tissue-based format,Homo sapiens,CHEMBL3559723,Liver,,,,,,CHEMBL340,Cytochrome P450 3A4,Homo sapiens,SINGLE PROTEIN,CHEMBL1142817,1,Scientific Literature,Bioorg Med Chem Lett,2005,,,,,CC(C)(C)NC(=O)C1CN(Cc2cccnc2)CCN1C[C@@H](O)CC(Cc1ccccc1)C(=O)N[C@H]1c2ccccc2C[C@H]1O,CBVCZFGXHXORBI-IXVTTXLYSA-N,CHEMBL1142817,assay,substrate
CHEMBL481,IRINOTECAN,4.0,586.69,1.0,4.09,6,CCc1c2c(nc3ccc(OC(=O)N4CCC(N5CCCCC5)CC4)cc13)-c1cc3c(c(=O)n1C2)COC(=O)[C@]3(O)CC,Log 1/Km,'=',-1.265,,,,,,,,,,0,CHEMBL836230,log (1/Km) value for human liver microsome cytochrome P450 3A4,A,BAO_0000221,tissue-based format,Homo sapiens,CHEMBL3559723,Liver,,,,,,CHEMBL340,Cytochrome P450 3A4,Homo sapiens,SINGLE PROTEIN,CHEMBL1142817,1,Scientific Literature,Bioorg Med Chem Lett,2005,,,,,CCc1c2c(nc3ccc(OC(=O)N4CCC(N5CCCCC5)CC4)cc13)-c1cc3c(c(=O)n1C2)COC(=O)[C@]3(O)CC,UWKQSNNFCGGAFS-XIFFEERXSA-N,CHEMBL1142817,assay,substrate
CHEMBL1276308,MIFEPRISTONE,4.0,429.6,1.0,5.41,1,CC#C[C@]1(O)CC[C@H]2[C@@H]3CCC4=CC(=O)CCC4=C3[C@@H](c3ccc(N(C)C)cc3)C[C@@]21C,Log 1/Km,'=',-1.021,,,,,,,,,,0,CHEMBL836230,log (1/Km) value for human liver microsome cytochrome P450 3A4,A,BAO_0000221,tissue-based format,Homo sapiens,CHEMBL3559723,Liver,,,,,,CHEMBL340,Cytochrome P450 3A4,Homo sapiens,SINGLE PROTEIN,CHEMBL1142817,1,Scientific Literature,Bioorg Med Chem Lett,2005,,,,,CC#C[C@]1(O)CC[C@H]2C3=C(C4=C(CC3)CC(=O)CC4)C(c3ccc(N(C)C)cc3)C[C@@]21C,BHZCGCMWEVHUBA-ZLMDOPAYSA-N,CHEMBL1142817,assay,substrate
CHEMBL1064,SIMVASTATIN,4.0,418.57,0.0,4.59,Simvastatin,CCC(C)(C)C(=O)O[C@H]1C[C@@H](C)C=C2C=C[C@H](C)[C@H](CC[C@@H]3C[C@@H](O)CC(=O)O3)[C@H]21,Log 1/Km,'=',-1.32,,,,,,,,,,0,CHEMBL836230,log (1/Km) value for human liver microsome cytochrome P450 3A4,A,BAO_0000221,tissue-based format,Homo sapiens,CHEMBL3559723,Liver,,,,,,CHEMBL340,Cytochrome P450 3A4,Homo sapiens,SINGLE PROTEIN,CHEMBL1142817,1,Scientific Literature,Bioorg Med Chem Lett,2005,,,,,CCC(C)(C)C(=O)O[C@H]1C[C@@H](C)C=C2C=C[C@H](C)[C@H](CC[C@@H]3C[C@@H](O)CC(=O)O3)[C@H]21,RYMZZMVNJRMUDD-HGQWONQESA-N,CHEMBL1142817,assay,substrate
CHEMBL107,COLCHICINE,4.0,399.44,0.0,2.87,Colchicine,COc1cc2c(c(OC)c1OC)-c1ccc(OC)c(=O)cc1[C@@H](NC(C)=O)CC2,Log 1/Km,'=',-3.748,,,,,,,,,,0,CHEMBL836230,log (1/Km) value for human liver microsome cytochrome P450 3A4,A,BAO_0000221,tissue-based format,Homo sapiens,CHEMBL3559723,Liver,,,,,,CHEMBL340,Cytochrome P450 3A4,Homo sapiens,SINGLE PROTEIN,CHEMBL1142817,1,Scientific Literature,Bioorg Med Chem Lett,2005,,,,,COc1cc2c(c(OC)c1OC)-c1ccc(OC)c(=O)cc1[C@@H](NC(C)=O)CC2,IAKHMKGGTNLKSZ-INIZCTEOSA-N,CHEMBL1142817,assay,substrate
CHEMBL11,IMIPRAMINE,4.0,280.42,0.0,3.88,Imipramine,CN(C)CCCN1c2ccccc2CCc2ccccc21,Log 1/Km,'=',-2.04,,,,,,,,,,0,CHEMBL836230,log (1/Km) value for human liver microsome cytochrome P450 3A4,A,BAO_0000221,tissue-based format,Homo sapiens,CHEMBL3559723,Liver,,,,,,CHEMBL340,Cytochrome P450 3A4,Homo sapiens,SINGLE PROTEIN,CHEMBL1142817,1,Scientific Literature,Bioorg Med Chem Lett,2005,,,,,CN(C)CCCN1c2ccccc2CCc2ccccc21,BCGWQEUPMDMJNV-UHFFFAOYSA-N,CHEMBL1142817,assay,substrate
CHEMBL327624,,,561.7,1.0,3.74,K 02,O=C(N[C@H](/C=C/S(=O)(=O)c1ccccc1)CCc1ccccc1)[C@H](Cc1ccccc1)NC(=O)N1CCOCC1,Log 1/Km,'=',-1.484,,,,,,,,,,0,CHEMBL836230,log (1/Km) value for human liver microsome cytochrome P450 3A4,A,BAO_0000221,tissue-based format,Homo sapiens,CHEMBL3559723,Liver,,,,,,CHEMBL340,Cytochrome P450 3A4,Homo sapiens,SINGLE PROTEIN,CHEMBL1142817,1,Scientific Literature,Bioorg Med Chem Lett,2005,,,,,O=C(N[C@H](/C=C/S(=O)(=O)c1ccccc1)CCc1ccccc1)C(Cc1ccccc1)NC(=O)N1CCOCC1,HSZIWISHLSFWJO-LPJXHOCPSA-N,CHEMBL1142817,assay,substrate
CHEMBL1503,OMEPRAZOLE,4.0,345.42,0.0,2.9,Omeprazole,COc1ccc2[nH]c([S+]([O-])Cc3ncc(C)c(OC)c3C)nc2c1,Log 1/Km,'=',-1.69,,,,,,,,,,0,CHEMBL836230,log (1/Km) value for human liver microsome cytochrome P450 3A4,A,BAO_0000221,tissue-based format,Homo sapiens,CHEMBL3559723,Liver,,,,,,CHEMBL340,Cytochrome P450 3A4,Homo sapiens,SINGLE PROTEIN,CHEMBL1142817,1,Scientific Literature,Bioorg Med Chem Lett,2005,,,,,COc1ccc2[nH]c([S+]([O-])Cc3ncc(C)c(OC)c3C)nc2c1,SUBDBMMJDZJVOS-UHFFFAOYSA-N,CHEMBL1142817,assay,substrate
CHEMBL185878,TAUROCHENODEOXYCHOLATE,,499.71,0.0,3.4,Taurochenodeoxycholic acid,C[C@H](CCC(=O)NCCS(=O)(=O)O)[C@H]1CC[C@H]2[C@@H]3[C@H](O)C[C@@H]4C[C@H](O)CC[C@]4(C)[C@H]3CC[C@]12C,Log 1/Km,'=',-1.954,,,,,,,,,,0,CHEMBL836230,log (1/Km) value for human liver microsome cytochrome P450 3A4,A,BAO_0000221,tissue-based format,Homo sapiens,CHEMBL3559723,Liver,,,,,,CHEMBL340,Cytochrome P450 3A4,Homo sapiens,SINGLE PROTEIN,CHEMBL1142817,1,Scientific Literature,Bioorg Med Chem Lett,2005,,,,,C[C@H](CCC(=O)NCCS(=O)(=O)O)[C@H]1CC[C@H]2[C@@H]3[C@H](O)C[C@@H]4C[C@H](O)CC[C@]4(C)[C@H]3CC[C@]12C,BHTRKEVKTKCXOH-BJLOMENOSA-N,CHEMBL1142817,assay,substrate
CHEMBL428647,PACLITAXEL,4.0,853.92,2.0,3.74,Taxol,CC(=O)O[C@H]1C(=O)[C@@]2(C)[C@H]([C@H](OC(=O)c3ccccc3)[C@]3(O)C[C@H](OC(=O)[C@H](O)[C@@H](NC(=O)c4ccccc4)c4ccccc4)C(C)=C1C3(C)C)[C@]1(OC(C)=O)CO[C@@H]1C[C@@H]2O,Log 1/Km,'=',-1.255,,,,,,,,,,0,CHEMBL836230,log (1/Km) value for human liver microsome cytochrome P450 3A4,A,BAO_0000221,tissue-based format,Homo sapiens,CHEMBL3559723,Liver,,,,,,CHEMBL340,Cytochrome P450 3A4,Homo sapiens,SINGLE PROTEIN,CHEMBL1142817,1,Scientific Literature,Bioorg Med Chem Lett,2005,,,,,CC(=O)OC1=C2C(C)[C@@H](OC(=O)C(O)C(NC(=O)c3ccccc3)c3ccccc3)C[C@@](O)([C@@H](OC(=O)c3ccccc3)[C@@H]3[C@]4(OC(C)=O)CO[C@@H]4C[C@H](O)[C@@]3(C)C1=O)C2(C)C,NDUAXKHGCJIYEQ-VSXYFVTFSA-N,CHEMBL1142817,assay,substrate
CHEMBL346231,BROMODICHLOROMETHANE,,163.83,0.0,2.14,Bromodichloromethane,ClC(Cl)Br,Log 1/Km,'=',-1.447,,,,,,,,,,0,CHEMBL836230,log (1/Km) value for human liver microsome cytochrome P450 3A4,A,BAO_0000221,tissue-based format,Homo sapiens,CHEMBL3559723,Liver,,,,,,CHEMBL340,Cytochrome P450 3A4,Homo sapiens,SINGLE PROTEIN,CHEMBL1142817,1,Scientific Literature,Bioorg Med Chem Lett,2005,,,,,ClC(Cl)Br,FMWLUWPQPKEARP-UHFFFAOYSA-N,CHEMBL1142817,assay,substrate
CHEMBL1741,CLARITHROMYCIN,4.0,747.96,2.0,2.44,clarithromycin,CC[C@H]1OC(=O)[C@H](C)[C@@H](O[C@H]2C[C@@](C)(OC)[C@@H](O)[C@H](C)O2)[C@H](C)[C@@H](O[C@@H]2O[C@H](C)C[C@H](N(C)C)[C@H]2O)[C@](C)(OC)C[C@@H](C)C(=O)[C@H](C)[C@@H](O)[C@]1(C)O,Log 1/Km,'=',-1.688,,,,,,,,,,0,CHEMBL836230,log (1/Km) value for human liver microsome cytochrome P450 3A4,A,BAO_0000221,tissue-based format,Homo sapiens,CHEMBL3559723,Liver,,,,,,CHEMBL340,Cytochrome P450 3A4,Homo sapiens,SINGLE PROTEIN,CHEMBL1142817,1,Scientific Literature,Bioorg Med Chem Lett,2005,,,,,CC[C@H]1OC(=O)C(C)[C@@H](O[C@H]2C[C@@](C)(OC)[C@@H](O)[C@H](C)O2)[C@H](C)[C@@H](O[C@@H]2O[C@H](C)C[C@H](N(C)C)[C@H]2O)[C@](C)(OC)CC(C)C(=O)C(C)[C@@H](O)[C@]1(C)O,AGOYDEPGAOXOCK-WLLSWQJKSA-N,CHEMBL1142817,assay,substrate
CHEMBL238071,VINDESINE,4.0,753.94,1.0,2.73,Vindesine,CC[C@]1(O)C[C@@H]2CN(CCc3c([nH]c4ccccc34)[C@@](C(=O)OC)(c3cc4c(cc3OC)N(C)[C@H]3[C@@](O)(C(N)=O)[C@H](O)[C@]5(CC)C=CCN6CC[C@]43[C@@H]65)C2)C1,Log 1/Km,'=',-1.393,,,,,,,,,,0,CHEMBL836230,log (1/Km) value for human liver microsome cytochrome P450 3A4,A,BAO_0000221,tissue-based format,Homo sapiens,CHEMBL3559723,Liver,,,,,,CHEMBL340,Cytochrome P450 3A4,Homo sapiens,SINGLE PROTEIN,CHEMBL1142817,1,Scientific Literature,Bioorg Med Chem Lett,2005,,,,,CC[C@]1(O)C[C@@H]2CN(CCc3c([nH]c4ccccc34)[C@@](C(=O)OC)(c3cc4c(cc3OC)N(C)[C@H]3[C@@](O)(C(N)=O)[C@H](O)[C@]5(CC)C=CCN6CC[C@]43[C@@H]65)C2)C1,HHJUWIANJFBDHT-ZVTSDNJWSA-N,CHEMBL1142817,assay,substrate
CHEMBL362153,SENECIONINE,,335.4,0.0,1.19,Senecionine,C/C=C1/C[C@@H](C)[C@@](C)(O)C(=O)OCC2=CCN3CC[C@@H](OC1=O)[C@@H]23,Log 1/Km,'=',-2.477,,,,,,,,,,0,CHEMBL836230,log (1/Km) value for human liver microsome cytochrome P450 3A4,A,BAO_0000221,tissue-based format,Homo sapiens,CHEMBL3559723,Liver,,,,,,CHEMBL340,Cytochrome P450 3A4,Homo sapiens,SINGLE PROTEIN,CHEMBL1142817,1,Scientific Literature,Bioorg Med Chem Lett,2005,,,,,C/C=C1/C[C@@H](C)[C@@](C)(O)C(=O)OCC2=CCN3CC[C@@H](OC1=O)[C@@H]23,HKODIGSRFALUTA-JTLQZVBZSA-N,CHEMBL1142817,assay,substrate
CHEMBL633,AMIODARONE,4.0,645.32,2.0,6.94,2,CCCCc1oc2ccccc2c1C(=O)c1cc(I)c(OCCN(CC)CC)c(I)c1,Log 1/Km,'=',-2.491,,,,,,,,,,0,CHEMBL836230,log (1/Km) value for human liver microsome cytochrome P450 3A4,A,BAO_0000221,tissue-based format,Homo sapiens,CHEMBL3559723,Liver,,,,,,CHEMBL340,Cytochrome P450 3A4,Homo sapiens,SINGLE PROTEIN,CHEMBL1142817,1,Scientific Literature,Bioorg Med Chem Lett,2005,,,,,CCCCc1oc2ccccc2c1C(=O)c1cc(I)c(OCCN(CC)CC)c(I)c1,IYIKLHRQXLHMJQ-UHFFFAOYSA-N,CHEMBL1142817,assay,substrate
CHEMBL3545252,DOCETAXEL,4.0,861.94,2.0,3.26,Taxotere,CC(=O)O[C@@]12CO[C@@H]1C[C@H](O)[C@@]1(C)C(=O)[C@H](O)C3=C(C)[C@@H](OC(=O)[C@H](O)[C@@H](NC(=O)OC(C)(C)C)c4ccccc4)C[C@@](O)([C@@H](OC(=O)c4ccccc4)[C@H]21)C3(C)C.O.O.O,Log 1/Km,'=',-0.0414,,,,,,,,,,0,CHEMBL836230,log (1/Km) value for human liver microsome cytochrome P450 3A4,A,BAO_0000221,tissue-based format,Homo sapiens,CHEMBL3559723,Liver,,,,,,CHEMBL340,Cytochrome P450 3A4,Homo sapiens,SINGLE PROTEIN,CHEMBL1142817,1,Scientific Literature,Bioorg Med Chem Lett,2005,,,,,CC(=O)O[C@@]12CO[C@@H]1C[C@H](O)[C@@]1(C)C(=O)C(=O)C3C(C)[C@@H](OC(=O)C(O)C(NC(=O)OC(C)(C)C)c4ccccc4)C[C@@](O)([C@@H](OC(=O)c4ccccc4)[C@H]21)C3(C)C,ROQZUJKOMJECOM-MKLSCFFVSA-N,CHEMBL1142817,assay,substrate
CHEMBL1908373,ONAPRISTONE,4.0,449.64,1.0,5.16,Onapristone,CN(C)c1ccc([C@H]2C[C@]3(C)[C@@H](CC[C@]3(O)CCCO)[C@@H]3CCC4=CC(=O)CCC4=C32)cc1,Log 1/Km,'=',-1.292,,,,,,,,,,0,CHEMBL836230,log (1/Km) value for human liver microsome cytochrome P450 3A4,A,BAO_0000221,tissue-based format,Homo sapiens,CHEMBL3559723,Liver,,,,,,CHEMBL340,Cytochrome P450 3A4,Homo sapiens,SINGLE PROTEIN,CHEMBL1142817,1,Scientific Literature,Bioorg Med Chem Lett,2005,,,,,CN(C)c1ccc(C2=C3C4=C(CCC3[C@@H]3CC[C@](O)(CCCO)[C@]3(C)C2)CC(=O)CC4)cc1,WCCRLLABFCMDBZ-JREYTYGRSA-N,CHEMBL1142817,assay,substrate
CHEMBL159,VINBLASTINE,4.0,810.99,2.0,3.99,Vinblastine,CC[C@]1(O)C[C@@H]2CN(CCc3c([nH]c4ccccc34)[C@@](C(=O)OC)(c3cc4c(cc3OC)N(C)[C@H]3[C@@](O)(C(=O)OC)[C@H](OC(C)=O)[C@]5(CC)C=CCN6CC[C@]43[C@@H]65)C2)C1,Log 1/Km,'=',-0.834,,,,,,,,,,0,CHEMBL836230,log (1/Km) value for human liver microsome cytochrome P450 3A4,A,BAO_0000221,tissue-based format,Homo sapiens,CHEMBL3559723,Liver,,,,,,CHEMBL340,Cytochrome P450 3A4,Homo sapiens,SINGLE PROTEIN,CHEMBL1142817,1,Scientific Literature,Bioorg Med Chem Lett,2005,,,,,CC[C@]1(O)C[C@@H]2CN(CCc3c([nH]c4ccccc34)[C@@](C(=O)OC)(c3cc4c(cc3OC)N(C)[C@H]3[C@@](O)(C(=O)OC)[C@H](OC(C)=O)[C@]5(CC)C=CCN6CC[C@]43[C@@H]65)C2)C1,JXLYSJRDGCGARV-CFWMRBGOSA-N,CHEMBL1142817,assay,substrate
CHEMBL160,CYCLOSPORINE,4.0,1202.63,,,Cyclosporine,C/C=C/C[C@@H](C)[C@@H](O)[C@H]1C(=O)N[C@@H](CC)C(=O)N(C)CC(=O)N(C)[C@@H](CC(C)C)C(=O)N[C@@H](C(C)C)C(=O)N(C)[C@@H](CC(C)C)C(=O)N[C@@H](C)C(=O)N[C@H](C)C(=O)N(C)[C@@H](CC(C)C)C(=O)N(C)[C@@H](CC(C)C)C(=O)N(C)[C@@H](C(C)C)C(=O)N1C,Log 1/Km,'=',-0.6021,,,,,,,,,,0,CHEMBL836230,log (1/Km) value for human liver microsome cytochrome P450 3A4,A,BAO_0000221,tissue-based format,Homo sapiens,CHEMBL3559723,Liver,,,,,,CHEMBL340,Cytochrome P450 3A4,Homo sapiens,SINGLE PROTEIN,CHEMBL1142817,1,Scientific Literature,Bioorg Med Chem Lett,2005,,,,,C/C=C/C[C@@H](C)[C@@H](O)C1C(=O)NC(CC)C(=O)N(C)CC(=O)N(C)C(CC(C)C)C(=O)NC(C(C)C)C(=O)N(C)C(CC(C)C)C(=O)NC(C)C(=O)NC(C)C(=O)N(C)C(CC(C)C)C(=O)N(C)C(CC(C)C)C(=O)N(C)C(C(C)C)C(=O)N1C,PMATZTZNYRCHOR-KMSBSJHKSA-N,CHEMBL1142817,assay,substrate
CHEMBL444633,RIFABUTIN,4.0,847.02,2.0,4.62,Rifabutin,CO[C@H]1/C=C/O[C@@]2(C)Oc3c(C)c(O)c4c(c3C2=O)C2=NC3(CCN(CC(C)C)CC3)NC2=C(NC(=O)/C(C)=C\C=C\[C@H](C)[C@H](O)[C@@H](C)[C@@H](O)[C@@H](C)[C@H](OC(C)=O)[C@@H]1C)C4=O,Log 1/Km,'=',-1.037,,,,,,,,,,0,CHEMBL836230,log (1/Km) value for human liver microsome cytochrome P450 3A4,A,BAO_0000221,tissue-based format,Homo sapiens,CHEMBL3559723,Liver,,,,,,CHEMBL340,Cytochrome P450 3A4,Homo sapiens,SINGLE PROTEIN,CHEMBL1142817,1,Scientific Literature,Bioorg Med Chem Lett,2005,,,,,CO[C@H]1/C=C/O[C@@]2(C)Oc3c(C)c(O)c4c(O)c(c5c(c4c3C2=O)=NC2(CCN(CC(C)C)CC2)N=5)NC(=O)C(C)=CC=CC(C)[C@H](O)[C@@H](C)[C@@H](O)[C@@H](C)[C@H](OC(C)=O)[C@@H]1C,AZFBLLCNOQPJGJ-HQFNJQJDSA-N,CHEMBL1142817,assay,substrate
CHEMBL17157,TERFENADINE,4.0,471.69,1.0,6.45,Terfenadine,CC(C)(C)c1ccc(C(O)CCCN2CCC(C(O)(c3ccccc3)c3ccccc3)CC2)cc1,Log 1/Km,'=',-0.982,,,,,,,,,,0,CHEMBL836230,log (1/Km) value for human liver microsome cytochrome P450 3A4,A,BAO_0000221,tissue-based format,Homo sapiens,CHEMBL3559723,Liver,,,,,,CHEMBL340,Cytochrome P450 3A4,Homo sapiens,SINGLE PROTEIN,CHEMBL1142817,1,Scientific Literature,Bioorg Med Chem Lett,2005,,,,,CC(C)(C)c1ccc(C(O)CCCN2CCC(C(O)(c3ccccc3)c3ccccc3)CC2)cc1,GUGOEEXESWIERI-UHFFFAOYSA-N,CHEMBL1142817,assay,substrate
CHEMBL532,ERYTHROMYCIN,4.0,733.94,2.0,1.79,Erythromycin,CC[C@H]1OC(=O)[C@H](C)[C@@H](O[C@H]2C[C@@](C)(OC)[C@@H](O)[C@H](C)O2)[C@H](C)[C@@H](O[C@@H]2O[C@H](C)C[C@H](N(C)C)[C@H]2O)[C@](C)(O)C[C@@H](C)C(=O)[C@H](C)[C@@H](O)[C@]1(C)O,Log 1/Km,'=',-1.785,,,,,,,,,,0,CHEMBL836230,log (1/Km) value for human liver microsome cytochrome P450 3A4,A,BAO_0000221,tissue-based format,Homo sapiens,CHEMBL3559723,Liver,,,,,,CHEMBL340,Cytochrome P450 3A4,Homo sapiens,SINGLE PROTEIN,CHEMBL1142817,1,Scientific Literature,Bioorg Med Chem Lett,2005,,,,,CC[C@H]1OC(=O)C(C)[C@@H](O[C@H]2C[C@@](C)(OC)[C@@H](O)[C@H](C)O2)[C@H](C)[C@@H](O[C@@H]2O[C@H](C)C[C@H](N(C)C)[C@H]2O)[C@](C)(O)CC(C)C(=O)C(C)[C@@H](O)[C@]1(C)O,ULGZDMOVFRHVEP-ZWLFKSPASA-N,CHEMBL1142817,assay,substrate
CHEMBL23,DILTIAZEM,4.0,414.53,0.0,3.37,Diltiazem,COc1ccc([C@@H]2Sc3ccccc3N(CCN(C)C)C(=O)[C@@H]2OC(C)=O)cc1,Log 1/Km,'=',-1.362,,,,,,,,,,0,CHEMBL836230,log (1/Km) value for human liver microsome cytochrome P450 3A4,A,BAO_0000221,tissue-based format,Homo sapiens,CHEMBL3559723,Liver,,,,,,CHEMBL340,Cytochrome P450 3A4,Homo sapiens,SINGLE PROTEIN,CHEMBL1142817,1,Scientific Literature,Bioorg Med Chem Lett,2005,,,,,COc1ccc([C@@H]2Sc3ccccc3N(CCN(C)C)C(=O)C2OC(C)=O)cc1,HSUGRBWQSSZJOP-LBAQZLPGSA-N,CHEMBL1142817,assay,substrate
CHEMBL83,TAMOXIFEN,4.0,371.52,1.0,6.0,Tamoxifen,CC/C(=C(\c1ccccc1)c1ccc(OCCN(C)C)cc1)c1ccccc1,Log 1/Km,'=',-1.991,,,,,,,,,,0,CHEMBL836230,log (1/Km) value for human liver microsome cytochrome P450 3A4,A,BAO_0000221,tissue-based format,Homo sapiens,CHEMBL3559723,Liver,,,,,,CHEMBL340,Cytochrome P450 3A4,Homo sapiens,SINGLE PROTEIN,CHEMBL1142817,1,Scientific Literature,Bioorg Med Chem Lett,2005,,,,,CC/C(=C(\c1ccccc1)c1ccc(OCCN(C)C)cc1)c1ccccc1,NKANXQFJJICGDU-QPLCGJKRSA-N,CHEMBL1142817,assay,substrate
CHEMBL42,CLOZAPINE,4.0,326.83,0.0,3.72,Clozapine,CN1CCN(C2=Nc3cc(Cl)ccc3Nc3ccccc32)CC1,Log 1/Km,'=',-1.785,,,,,,,,,,0,CHEMBL836230,log (1/Km) value for human liver microsome cytochrome P450 3A4,A,BAO_0000221,tissue-based format,Homo sapiens,CHEMBL3559723,Liver,,,,,,CHEMBL340,Cytochrome P450 3A4,Homo sapiens,SINGLE PROTEIN,CHEMBL1142817,1,Scientific Literature,Bioorg Med Chem Lett,2005,,,,,CN1CCN(C2=Nc3cc(Cl)ccc3Nc3ccccc32)CC1,QZUDBNBUXVUHMW-UHFFFAOYSA-N,CHEMBL1142817,assay,substrate
CHEMBL1480,FELODIPINE,4.0,384.26,0.0,3.96,Felodipine,CCOC(=O)C1=C(C)NC(C)=C(C(=O)OC)C1c1cccc(Cl)c1Cl,Log 1/Km,'=',-0.839,,,,,,,,,,0,CHEMBL836230,log (1/Km) value for human liver microsome cytochrome P450 3A4,A,BAO_0000221,tissue-based format,Homo sapiens,CHEMBL3559723,Liver,,,,,,CHEMBL340,Cytochrome P450 3A4,Homo sapiens,SINGLE PROTEIN,CHEMBL1142817,1,Scientific Literature,Bioorg Med Chem Lett,2005,,,,,CCOC(=O)C1=C(C)N=C(C)C(C(=O)OC)C1c1cccc(Cl)c1Cl,HAQDEJPEAKWAAM-UHFFFAOYSA-N,CHEMBL1142817,assay,substrate
CHEMBL269732,TACROLIMUS ANHYDROUS,4.0,804.03,2.0,4.64,Tacrolimus,C=CC[C@@H]1/C=C(\C)C[C@H](C)C[C@H](OC)[C@H]2O[C@@](O)(C(=O)C(=O)N3CCCC[C@H]3C(=O)O[C@H](/C(C)=C/[C@@H]3CC[C@@H](O)[C@H](OC)C3)[C@H](C)[C@@H](O)CC1=O)[C@H](C)C[C@@H]2OC,Log 1/Km,'=',-0.792,,,,,,,,,,0,CHEMBL836230,log (1/Km) value for human liver microsome cytochrome P450 3A4,A,BAO_0000221,tissue-based format,Homo sapiens,CHEMBL3559723,Liver,,,,,,CHEMBL340,Cytochrome P450 3A4,Homo sapiens,SINGLE PROTEIN,CHEMBL1142817,1,Scientific Literature,Bioorg Med Chem Lett,2005,,,,,C=CCC1=CC(C)C[C@H](C)C[C@H](OC)[C@H]2O[C@@](O)(C(=O)C(=O)N3CCCCC3C(=O)O[C@H](/C(C)=C/[C@@H]3CC[C@@H](O)[C@H](OC)C3)[C@H](C)[C@@H](O)CC1=O)[C@H](C)C[C@@H]2OC,SLUYGGAVUSVJOT-VZCWQGFJSA-N,CHEMBL1142817,assay,substrate
CHEMBL93,ZILEUTON,4.0,236.3,0.0,2.73,Zileuton,CC(c1cc2ccccc2s1)N(O)C(N)=O,Log 1/Km,'=',-2.194,,,,,,,,,,0,CHEMBL836230,log (1/Km) value for human liver microsome cytochrome P450 3A4,A,BAO_0000221,tissue-based format,Homo sapiens,CHEMBL3559723,Liver,,,,,,CHEMBL340,Cytochrome P450 3A4,Homo sapiens,SINGLE PROTEIN,CHEMBL1142817,1,Scientific Literature,Bioorg Med Chem Lett,2005,,,,,CC(c1cc2ccccc2s1)N(O)C(N)=O,MWLSOWXNZPKENC-UHFFFAOYSA-N,CHEMBL1142817,assay,substrate
CHEMBL1908329,LILOPRISTONE,2.0,447.62,0.0,4.93,Lilopristone,CN(C)c1ccc([C@H]2C[C@@]3(C)[C@@H](CC[C@@]3(O)/C=C\CO)[C@@H]3CCC4=CC(=O)CCC4=C32)cc1,Log 1/Km,'=',-0.9445,,,,,,,,,,0,CHEMBL836230,log (1/Km) value for human liver microsome cytochrome P450 3A4,A,BAO_0000221,tissue-based format,Homo sapiens,CHEMBL3559723,Liver,,,,,,CHEMBL340,Cytochrome P450 3A4,Homo sapiens,SINGLE PROTEIN,CHEMBL1142817,1,Scientific Literature,Bioorg Med Chem Lett,2005,,,,,CN(C)c1ccc(C2=C3C4=C(CCC3[C@@H]3CC[C@@](O)(/C=C\CO)[C@@]3(C)C2)CC(=O)CC4)cc1,ZEQYDMUNUYOURN-ONSXFPBFSA-N,CHEMBL1142817,assay,substrate
CHEMBL167395,1-NITROPYRENE,,247.25,0.0,4.49,1-Nitropyrene,O=[N+]([O-])c1ccc2ccc3cccc4ccc1c2c34,Log 1/Km,'=',-0.5185,,,,,,,,,,0,CHEMBL836230,log (1/Km) value for human liver microsome cytochrome P450 3A4,A,BAO_0000221,tissue-based format,Homo sapiens,CHEMBL3559723,Liver,,,,,,CHEMBL340,Cytochrome P450 3A4,Homo sapiens,SINGLE PROTEIN,CHEMBL1142817,1,Scientific Literature,Bioorg Med Chem Lett,2005,,,,,O=[N+]([O-])c1ccc2ccc3cccc4ccc1c2c34,ALRLPDGCPYIVHP-UHFFFAOYSA-N,CHEMBL1142817,assay,substrate
CHEMBL1908330,TIRILAZAD MESYLATE,,720.98,2.0,5.46,Tirilazad mesylate,CC1C[C@H]2[C@@H]3CCC4=CC(=O)C=C[C@]4(C)C3=CC[C@]2(C)[C@H]1C(=O)CN1CCN(c2cc(N3CCCC3)nc(N3CCCC3)n2)CC1.CS(=O)(=O)O,Log 1/Km,'=',-0.2601,,,,,,,,,,0,CHEMBL836230,log (1/Km) value for human liver microsome cytochrome P450 3A4,A,BAO_0000221,tissue-based format,Homo sapiens,CHEMBL3559723,Liver,,,,,,CHEMBL340,Cytochrome P450 3A4,Homo sapiens,SINGLE PROTEIN,CHEMBL1142817,1,Scientific Literature,Bioorg Med Chem Lett,2005,,,,,CC1C[C@H]2[C@@H]3CC=C4CC(=O)C=C[C@]4(C)C3=CC[C@]2(C)C1C(=O)CN1CCN(c2cc(N3CCCC3)nc(N3CCCC3)n2)CC1,NSTCAXPRTTYSFG-XIMQWYEYSA-N,CHEMBL1142817,assay,substrate
CHEMBL1371,CHLORZOXAZONE,4.0,169.57,0.0,1.77,Chlorzoxazone,O=c1[nH]c2cc(Cl)ccc2o1,Log 1/Km,'=',-2.204,,,,,,,,,,0,CHEMBL836230,log (1/Km) value for human liver microsome cytochrome P450 3A4,A,BAO_0000221,tissue-based format,Homo sapiens,CHEMBL3559723,Liver,,,,,,CHEMBL340,Cytochrome P450 3A4,Homo sapiens,SINGLE PROTEIN,CHEMBL1142817,1,Scientific Literature,Bioorg Med Chem Lett,2005,,,,,O=c1[nH]c2cc(Cl)ccc2o1,TZFWDZFKRBELIQ-UHFFFAOYSA-N,CHEMBL1142817,assay,substrate
CHEMBL1043,DAPSONE,4.0,248.31,0.0,1.68,Dapsone,Nc1ccc(S(=O)(=O)c2ccc(N)cc2)cc1,Log 1/Km,'=',-2.23,,,,,,,,,,0,CHEMBL836230,log (1/Km) value for human liver microsome cytochrome P450 3A4,A,BAO_0000221,tissue-based format,Homo sapiens,CHEMBL3559723,Liver,,,,,,CHEMBL340,Cytochrome P450 3A4,Homo sapiens,SINGLE PROTEIN,CHEMBL1142817,1,Scientific Literature,Bioorg Med Chem Lett,2005,,,,,Nc1ccc(S(=O)(=O)c2ccc(N)cc2)cc1,MQJKPEGWNLWLTK-UHFFFAOYSA-N,CHEMBL1142817,assay,substrate
CHEMBL44657,ETOPOSIDE,4.0,588.56,2.0,1.34,Etoposide,COc1cc([C@@H]2c3cc4c(cc3[C@@H](O[C@@H]3O[C@@H]5CO[C@@H](C)O[C@H]5[C@H](O)[C@H]3O)[C@H]3COC(=O)[C@H]23)OCO4)cc(OC)c1O,Log 1/Km,'=',-1.537,,,,,,,,,,0,CHEMBL836230,log (1/Km) value for human liver microsome cytochrome P450 3A4,A,BAO_0000221,tissue-based format,Homo sapiens,CHEMBL3559723,Liver,,,,,,CHEMBL340,Cytochrome P450 3A4,Homo sapiens,SINGLE PROTEIN,CHEMBL1142817,1,Scientific Literature,Bioorg Med Chem Lett,2005,,,,,COc1cc([C@@H]2c3cc4c(cc3[C@@H](O[C@@H]3O[C@@H]5CO[C@@H](C)O[C@H]5[C@H](O)[C@H]3O)[C@H]3COC(=O)C23)OCO4)cc(OC)c1O,VJJPUSNTGOMMGY-HZDRAOIFSA-N,CHEMBL1142817,assay,substrate
CHEMBL2111147,ZATOSETRON,-1.0,348.87,0.0,3.41,Zatosetron,CN1[C@@H]2CC[C@H]1C[C@@H](NC(=O)c1cc(Cl)cc3c1OC(C)(C)C3)C2,Log 1/Km,'=',-2.39,,,,,,,,,,0,CHEMBL836230,log (1/Km) value for human liver microsome cytochrome P450 3A4,A,BAO_0000221,tissue-based format,Homo sapiens,CHEMBL3559723,Liver,,,,,,CHEMBL340,Cytochrome P450 3A4,Homo sapiens,SINGLE PROTEIN,CHEMBL1142817,1,Scientific Literature,Bioorg Med Chem Lett,2005,,,,,CN1[C@@H]2CC[C@H]1C[C@@H](NC(=O)c1cc(Cl)cc3c1OC(C)(C)C3)C2,SPKBYQZELVEOLL-QDMKHBRRSA-N,CHEMBL1142817,assay,substrate
CHEMBL13280,FLUNITRAZEPAM,4.0,313.29,0.0,2.55,Flunitrazepam,CN1C(=O)CN=C(c2ccccc2F)c2cc([N+](=O)[O-])ccc21,Log 1/Km,'=',-2.189,,,,,,,,,,0,CHEMBL836230,log (1/Km) value for human liver microsome cytochrome P450 3A4,A,BAO_0000221,tissue-based format,Homo sapiens,CHEMBL3559723,Liver,,,,,,CHEMBL340,Cytochrome P450 3A4,Homo sapiens,SINGLE PROTEIN,CHEMBL1142817,1,Scientific Literature,Bioorg Med Chem Lett,2005,,,,,CN1C(=O)CN=C(c2ccccc2F)c2cc([N+](=O)[O-])ccc21,PPTYJKAXVCCBDU-UHFFFAOYSA-N,CHEMBL1142817,assay,substrate
CHEMBL637,VENLAFAXINE,4.0,277.41,0.0,3.04,Venlafaxine,COc1ccc(C(CN(C)C)C2(O)CCCCC2)cc1,Log 1/Km,'=',0.0899,,,,,,,,,,0,CHEMBL836230,log (1/Km) value for human liver microsome cytochrome P450 3A4,A,BAO_0000221,tissue-based format,Homo sapiens,CHEMBL3559723,Liver,,,,,,CHEMBL340,Cytochrome P450 3A4,Homo sapiens,SINGLE PROTEIN,CHEMBL1142817,1,Scientific Literature,Bioorg Med Chem Lett,2005,,,,,COc1ccc(C(CN(C)C)C2(O)CCCCC2)cc1,PNVNVHUZROJLTJ-UHFFFAOYSA-N,CHEMBL1142817,assay,substrate
CHEMBL170,QUININE,4.0,324.42,0.0,3.17,Quinine,C=C[C@H]1CN2CC[C@H]1C[C@H]2[C@H](O)c1ccnc2ccc(OC)cc12,Log 1/Km,'=',-2.026,,,,,,,,,,0,CHEMBL836230,log (1/Km) value for human liver microsome cytochrome P450 3A4,A,BAO_0000221,tissue-based format,Homo sapiens,CHEMBL3559723,Liver,,,,,,CHEMBL340,Cytochrome P450 3A4,Homo sapiens,SINGLE PROTEIN,CHEMBL1142817,1,Scientific Literature,Bioorg Med Chem Lett,2005,,,,,C=C[C@H]1CN2CC[C@H]1C[C@H]2[C@H](O)c1ccnc2ccc(OC)cc12,LOUPRKONTZGTKE-WZBLMQSHSA-N,CHEMBL1142817,assay,substrate
CHEMBL163,RITONAVIR,4.0,720.96,2.0,5.91,Ritonavir,CC(C)c1nc(CN(C)C(=O)N[C@H](C(=O)N[C@@H](Cc2ccccc2)C[C@H](O)[C@H](Cc2ccccc2)NC(=O)OCc2cncs2)C(C)C)cs1,Log 1/Km,'=',-1.301,,,,,,,,,,0,CHEMBL836230,log (1/Km) value for human liver microsome cytochrome P450 3A4,A,BAO_0000221,tissue-based format,Homo sapiens,CHEMBL3559723,Liver,,,,,,CHEMBL340,Cytochrome P450 3A4,Homo sapiens,SINGLE PROTEIN,CHEMBL1142817,1,Scientific Literature,Bioorg Med Chem Lett,2005,,,,,CC(C)c1nc(CN(C)C(=O)NC(C(=O)N[C@@H](Cc2ccccc2)C[C@H](O)[C@H](Cc2ccccc2)NC(=O)OCc2cncs2)C(C)C)cs1,NCDNCNXCDXHOMX-BWGGSIGWSA-N,CHEMBL1142817,assay,substrate
CHEMBL1098,BUPIVACAINE,4.0,288.44,0.0,3.9,Bupivacaine,CCCCN1CCCCC1C(=O)Nc1c(C)cccc1C,Log 1/Km,'=',-2.097,,,,,,,,,,0,CHEMBL836230,log (1/Km) value for human liver microsome cytochrome P450 3A4,A,BAO_0000221,tissue-based format,Homo sapiens,CHEMBL3559723,Liver,,,,,,CHEMBL340,Cytochrome P450 3A4,Homo sapiens,SINGLE PROTEIN,CHEMBL1142817,1,Scientific Literature,Bioorg Med Chem Lett,2005,,,,,CCCCN1CCCCC1C(=O)Nc1c(C)cccc1C,LEBVLXFERQHONN-UHFFFAOYSA-N,CHEMBL1142817,assay,substrate
CHEMBL187628,,,452.64,1.0,6.11,Ezlopitant alkene,C/C=C/c1ccc(OC)c(CN[C@H]2C3CCN(CC3)[C@H]2C(c2ccccc2)c2ccccc2)c1,Log 1/Km,'=',-1.342,,,,,,,,,,0,CHEMBL836230,log (1/Km) value for human liver microsome cytochrome P450 3A4,A,BAO_0000221,tissue-based format,Homo sapiens,CHEMBL3559723,Liver,,,,,,CHEMBL340,Cytochrome P450 3A4,Homo sapiens,SINGLE PROTEIN,CHEMBL1142817,1,Scientific Literature,Bioorg Med Chem Lett,2005,,,,,C/C=C/c1ccc(OC)c(CN[C@H]2C3CCN(CC3)[C@H]2C(c2ccccc2)c2ccccc2)c1,QDAIXSKVDVDPKS-SEGNWMLISA-N,CHEMBL1142817,assay,substrate
CHEMBL413,SIROLIMUS,4.0,914.19,3.0,6.18,Rapamycin,CO[C@H]1C[C@@H]2CC[C@@H](C)[C@@](O)(O2)C(=O)C(=O)N2CCCC[C@H]2C(=O)O[C@H]([C@H](C)C[C@@H]2CC[C@@H](O)[C@H](OC)C2)CC(=O)[C@H](C)/C=C(\C)[C@@H](O)[C@@H](OC)C(=O)[C@H](C)C[C@H](C)/C=C/C=C/C=C/1C,Log 1/Km,'=',-0.9069,,,,,,,,,,0,CHEMBL836230,log (1/Km) value for human liver microsome cytochrome P450 3A4,A,BAO_0000221,tissue-based format,Homo sapiens,CHEMBL3559723,Liver,,,,,,CHEMBL340,Cytochrome P450 3A4,Homo sapiens,SINGLE PROTEIN,CHEMBL1142817,1,Scientific Literature,Bioorg Med Chem Lett,2005,,,,,COC1C(=O)C(C)C[C@H](C)/C=C/C=C/C=C(\C)[C@@H](OC)C[C@@H]2CC[C@@H](C)[C@@](O)(O2)C(=O)C(=O)N2CCCCC2C(=O)O[C@H]([C@H](C)C[C@@H]2CC[C@@H](O)[C@H](OC)C2)CC(=O)C(C)=CC(C)[C@H]1O,DVSZTYJRXBBIFA-FBAQEZMUSA-N,CHEMBL1142817,assay,substrate
CHEMBL596,FENTANYL,4.0,336.48,0.0,4.14,Fentanyl,CCC(=O)N(c1ccccc1)C1CCN(CCc2ccccc2)CC1,Log 1/Km,'=',-2.068,,,,,,,,,,0,CHEMBL836230,log (1/Km) value for human liver microsome cytochrome P450 3A4,A,BAO_0000221,tissue-based format,Homo sapiens,CHEMBL3559723,Liver,,,,,,CHEMBL340,Cytochrome P450 3A4,Homo sapiens,SINGLE PROTEIN,CHEMBL1142817,1,Scientific Literature,Bioorg Med Chem Lett,2005,,,,,CCC(=O)N(c1ccccc1)C1CCN(CCc2ccccc2)CC1,PJMPHNIQZUBGLI-UHFFFAOYSA-N,CHEMBL1142817,assay,substrate
CHEMBL132991,TAZOFELONE,2.0,321.49,0.0,3.72,Tazofelone,CC(C)(C)c1cc(CC2SCNC2=O)cc(C(C)(C)C)c1O,Log 1/Km,'=',-0.996,,,,,,,,,,0,CHEMBL836230,log (1/Km) value for human liver microsome cytochrome P450 3A4,A,BAO_0000221,tissue-based format,Homo sapiens,CHEMBL3559723,Liver,,,,,,CHEMBL340,Cytochrome P450 3A4,Homo sapiens,SINGLE PROTEIN,CHEMBL1142817,1,Scientific Literature,Bioorg Med Chem Lett,2005,,,,,CC(C)(C)c1cc(CC2SCNC2=O)cc(C(C)(C)C)c1O,ILMMRHUILQOQGP-UHFFFAOYSA-N,CHEMBL1142817,assay,substrate
CHEMBL408,TROGLITAZONE,4.0,441.55,0.0,4.37,Troglitazone,Cc1c(C)c2c(c(C)c1O)CCC(C)(COc1ccc(CC3SC(=O)NC3=O)cc1)O2,Log 1/Km,'=',-2.792,,,,,,,,,,0,CHEMBL836230,log (1/Km) value for human liver microsome cytochrome P450 3A4,A,BAO_0000221,tissue-based format,Homo sapiens,CHEMBL3559723,Liver,,,,,,CHEMBL340,Cytochrome P450 3A4,Homo sapiens,SINGLE PROTEIN,CHEMBL1142817,1,Scientific Literature,Bioorg Med Chem Lett,2005,,,,,Cc1c(C)c2c(c(C)c1O)CCC(C)(COc1ccc(Cc3sc(=O)[nH]c3O)cc1)O2,BJWJSFCBOIUATF-UHFFFAOYSA-N,CHEMBL1142817,assay,substrate
CHEMBL661,ALPRAZOLAM,4.0,308.77,0.0,3.58,Alprazolam,Cc1nnc2n1-c1ccc(Cl)cc1C(c1ccccc1)=NC2,Log 1/Km,'=',-2.423,,,,,,,,,,0,CHEMBL836230,log (1/Km) value for human liver microsome cytochrome P450 3A4,A,BAO_0000221,tissue-based format,Homo sapiens,CHEMBL3559723,Liver,,,,,,CHEMBL340,Cytochrome P450 3A4,Homo sapiens,SINGLE PROTEIN,CHEMBL1142817,1,Scientific Literature,Bioorg Med Chem Lett,2005,,,,,Cc1nnc2n1-c1ccc(Cl)cc1C(c1ccccc1)=NC2,VREFGVBLTWBCJP-UHFFFAOYSA-N,CHEMBL1142817,assay,substrate
CHEMBL191528,ETHOXYCOUMARIN,,190.2,0.0,2.19,Ethoxycoumarin,CCOc1ccc2ccc(=O)oc2c1,Log 1/Km,'=',-3.477,,,,,,,,,,0,CHEMBL836230,log (1/Km) value for human liver microsome cytochrome P450 3A4,A,BAO_0000221,tissue-based format,Homo sapiens,CHEMBL3559723,Liver,,,,,,CHEMBL340,Cytochrome P450 3A4,Homo sapiens,SINGLE PROTEIN,CHEMBL1142817,1,Scientific Literature,Bioorg Med Chem Lett,2005,,,,,CCOc1ccc2ccc(=O)oc2c1,LIFAQMGORKPVDH-UHFFFAOYSA-N,CHEMBL1142817,assay,substrate
CHEMBL54,HALOPERIDOL,4.0,375.87,0.0,4.43,Haloperidol,O=C(CCCN1CCC(O)(c2ccc(Cl)cc2)CC1)c1ccc(F)cc1,Log 1/Km,'=',-1.387,,,,,,,,,,0,CHEMBL836230,log (1/Km) value for human liver microsome cytochrome P450 3A4,A,BAO_0000221,tissue-based format,Homo sapiens,CHEMBL3559723,Liver,,,,,,CHEMBL340,Cytochrome P450 3A4,Homo sapiens,SINGLE PROTEIN,CHEMBL1142817,1,Scientific Literature,Bioorg Med Chem Lett,2005,,,,,O=C(CCCN1CCC(O)(c2ccc(Cl)cc2)CC1)c1ccc(F)cc1,LNEPOXFFQSENCJ-UHFFFAOYSA-N,CHEMBL1142817,assay,substrate
CHEMBL384467,DEXAMETHASONE,4.0,392.47,0.0,1.9,Dexamethasone,C[C@@H]1C[C@H]2[C@@H]3CCC4=CC(=O)C=C[C@]4(C)[C@@]3(F)[C@@H](O)C[C@]2(C)[C@@]1(O)C(=O)CO,Log 1/Km,'=',-1.365,,,,,,,,,,0,CHEMBL836230,log (1/Km) value for human liver microsome cytochrome P450 3A4,A,BAO_0000221,tissue-based format,Homo sapiens,CHEMBL3559723,Liver,,,,,,CHEMBL340,Cytochrome P450 3A4,Homo sapiens,SINGLE PROTEIN,CHEMBL1142817,1,Scientific Literature,Bioorg Med Chem Lett,2005,,,,,C[C@@H]1C[C@H]2[C@@H]3CC=C4CC(=O)C=C[C@]4(C)[C@@]3(F)[C@@H](O)C[C@]2(C)[C@@]1(O)C(=O)CO,GJFCONYVAUNLKB-CXSFZGCWSA-N,CHEMBL1142817,assay,substrate
